relative_path,sha256,bytes
.gitattributes,c91fa0484b6a43534662cbce2fb0fee2176df00792800a1061327428b4aa799d,235
.github/workflows/public-reproduction.yml,015e9f52e9a748648589d4d3bdc9745f6b6b978f16d262fc946ada718661de9d,394
.gitignore,b2da4d7de4aa6c7d933bc3bbb4a46877bf1470ba40d9beb64c8c06072adb5284,1164
.python-version,7b55f8e67b5623c4bef3fa691288da9437d79d3aba156de48d481db32ac7d16d,5
CITATION.cff,3b9460ce1b27120543628739911effeb47f4b752c231e54ebddae618549f1be4,742
LICENSING.md,851fa6338c6424db511227d34358162b97f28bcde898b483185bdfaef80ad963,649
README.md,21c3139471d5fb651a19ef0fb6104be94562542ce4b9bf54a210844fa92ff1ec,3688
configs/state_or_space_additional_seeds_45_46_runs.json,49106fc66cc1ec72050accddaa9d150d56c6320b8b5413324f663c19b0161c19,4820
configs/state_or_space_analysis_5seeds.json,68cbafb335d21ccf52bc8923fd5e6d0b5f1056818eafb3a26ec0f36c6e6261b9,2072
configs/state_or_space_context_16384_runs.json,59787ca51dfb17b1db2e7ce178061dad8f74bf0b00632fb4274a81d6fb15d6e7,1418
configs/state_or_space_core_4096_runs.json,208cff71d9bd30cd1a28df62f451533fa9961a7ded117195bc746d77f25669fc,2826
configs/state_or_space_icu_gap_extra_runs.json,41a56579e81cf5cfb7768fd0cf69dcd17ad9b6b59c86cfabf6164c7b07d2bf90,790
configs/state_or_space_sequence_datasets.json,53bbf4f3ac9a823c516b4d03c62f481d923236fac5e3725ebefdebff96fea5b3,4226
docs/EXPERIMENTS.md,bc3605f7e44f402902e1afcc7da70d43dfa0001546dab46fe552856d56a8cffa,4376
env.example,dca7f31fcdee427bdae224afcf39a640bfab184c3a5277050f7a908cde706ded,782
final_exps/00_build_train_only_persistent_whitelist.py,c08c432d7bcd805f7d9f4e694970c925668876b3b1b739e75839c577e14245f6,19105
final_exps/01_build_sequence_datasets.py,bb954c02eb80db3e654ad0b81722b933fc26f3727ac9c9f7690f6bfc44fd190b,120607
final_exps/02_train_sequence_multiseed.py,5618f9ce45b5099370b507bf6a3cedaad24c3da671863253ee66b9a0a87f9cf3,106098
final_exps/03_analyze_state_or_space.py,43ab6b7404eecee4522430bf8e807a007d530d99fa0bde7eb811f887ed81c262,61239
final_exps/04_artificial_copy_forward_inference.py,09b2e89544b5ef3225e7f4e079ebe65f7ebad69150c6074309e27a23c9947e37,70811
final_exps/05_analyze_copy_forward_robustness.py,40dea80b218ae539eab026127eef88bea0dbfab2b4fc462830406e560f3721c9,42368
final_exps/06_prepare_final_reproducibility_package.py,f720ecd413f93a8ec76ee8ddaa1a8ab58115deffe12983816bb32a8a8dbd4ce0,42513
final_exps/07_prepare_public_results.py,dc2419d5910d0fe84d216a7f4f1f0dadd822b287145887573dcc174939fd305f,40798
final_exps/common_ehrshot_eval.py,42e6ae7ab6b1f18c2508a20b316222c9fb48e2acc66b2b43f3fc4f31e51a485a,53536
final_exps/split_audit.py,261581f0de89e5d6930cbdfa04fa8f1b21ab892e2617327b786c5c725744d495,49072
paper/aggregate_outputs/README.md,4bd85370c5df77d51e4bf616cbfbea4fcf326a126a0dae9ecbbb0b4fcfc80c8a,1423
paper/aggregate_outputs/calibration_bins.csv,235ca5fe77fb0bb75196fc2051714b76bcc631806ba24d7940cbc663bf466ffd,17002
paper/aggregate_outputs/calibration_summary.csv,fd69553b3d2c5e63c1206ea052227083a90a5832e3d8ccf68a3f44e42a19098c,4165
paper/aggregate_outputs/copy_forward_strict_pre_prediction_bootstrap.csv,23c451f30a63fcdddb832d2fab8c829d2d849fda1310bbb8aa3925c0bea5cff0,1898
paper/aggregate_outputs/copy_forward_strict_pre_prediction_cohort.csv,8b82e530b2cdac4e93b8db8f934e39defaf26d154ec23cfd3ff1363189c1af2f,138
paper/aggregate_outputs/copy_forward_strict_pre_prediction_probability.csv,aa02d4882dbbac1ef8fab2b302fe47c3ee620bdd10ef9f1257f7092b805c240f,2319
paper/aggregate_outputs/copy_forward_strict_pre_prediction_top10.csv,1d8f8fc745c9195aaa7e79df32225ba7361356f9e3c1360c0e725f0bb411bdee,1228
paper/aggregate_outputs/discordant_top_decile_characterization.csv,f2c8fb601666811ba18f352e198249829817f065cf32dfbcbed1afc9d47a0994,976
paper/aggregate_outputs/ensemble_cross_representation_stability.csv,6f1babf1a83b08b282f290a97914971b21d50e16baa0f12ab66018e4954a990e,155
paper/aggregate_outputs/ensemble_top10_cross_representation.csv,49844339466b6a25377803f68d4055e118f0c860c5cfaa821ac75390ce833db3,166
paper/aggregate_outputs/evaluation_conclusion_matrix.csv,12e57325620c35c7e97b2202e7505650aacfb44685cf2d0257238ee10b8953c2,2715
paper/aggregate_outputs/full_repetition_top_decile_churn.csv,473fb8b9ed49acaa9414bdef4da9a6f5a8e4b6ed59727d06205d07c0236a14eb,427
paper/aggregate_outputs/matched_size_stability.csv,0f864e0fff23504f8a817dffff6f80b42cae1d74a81b03711e00f55b7e13d716,1432
paper/aggregate_outputs/multiplicity_sensitivity.csv,ff6b0e43aa1e072c4b7be6506c49006c698af1b3152ed5aa229389d3a908d941,29076
paper/aggregate_outputs/recomputed_ensemble_metrics.csv,5d67b4a105100bcdd9de8d68b8bfe976ffdaecf88b848950958dc83a72415dbd,3012
paper/aggregate_outputs/seed_top10_pairwise.csv,0df392b56aaf1746ca68948f2b405fa6f2b9b4539afd9f97eeb0401dcd0e2299,12504
paper/aggregate_outputs/seed_top10_summary.csv,6085c40e5a69f54ba61670f3b357795afa839e3afb128836abda96ddcce11e16,1985
paper/aggregate_outputs/stress_shift_tail_characterization.csv,81f38535ac36ab2e1f527b154ebd0f7088424dc8a1df484dd78a0ee5181868bd,1750
paper/analysis/characterize_selected_episodes.py,5d889f983b5712817fd1838aa49e801ddf51f88e7837c1db034bf19f70bb4c44,9782
paper/analysis/generate_decision_gap_figure.py,bec8cfd74a716a39eb07a922eb681c7a473c7ba6c02039371bd87f6f6d1d0904,6267
paper/analysis/generate_evaluation_profile_figure.py,0e73ecb1b7125455d34bf7fcfdcbd955f7b6dff3cbf8ba915dfb9710b6f09b54,6409
paper/analysis/matched_stability_and_shift_profiles.py,3514cf21eeaa28ae916c7439297dbe1325d8fbed6d3931371572ac860b616da4,7402
paper/analysis/tae_submission_analysis.py,6ec2030601fcc1e2a03949539b5758caac82c404e25bba12766a65ee71d6a32d,45019
paper/figures/figure_calibration_curves.pdf,c150b6f0b835afb48383d1f82c62420c3f5bd6f452adf987b9e81439c7bd8b79,17860
paper/figures/figure_calibration_curves.png,82d2db3afe4c36f62e6ca8bfa074ecfbd4a2a21607ceb9b92a0e3eacb0532f63,256484
paper/figures/figure_decision_gap.png,36cad29397abcde5cd91232d2fea9bbe6bbfc98a9a702376f30755663324ee6b,227705
paper/figures/figure_evaluation_profile.png,fce33a3a74b26fe4dc2edea31c0fda9b7253719a6e2116f75965e61d41d65008,241301
paper/reproduce_public.py,19b98df80fe659d53982c1113e6d5c337fe91806d3731545ab53f26d32b6384d,4543
requirements-public.txt,62ea980611ef2203a5f7f9c2cc25e087afe6ad6b4b40feb425ff7087377127e5,163
requirements.txt,0a1c7370d4def9ec5661de661567ec4eaaa116edc3ebda54b3201fc00fb1ef98,266
scripts/00_check_environment.sh,ae30a1f9af0916fb288d0fddc459cd6e239265d11a335d49ed89f78adbac6d1a,7972
scripts/01_run_whitelist_clearml.sh,d78e2663f962d1db28995838ac409d427844f3c08f44e6ce7a53c316852b4a8d,598
scripts/02_run_dataset_builder_clearml.sh,bda4b36cada50fe6d546c6551da56dcfaff529cddcdfc3a4e620be01fe350313,917
scripts/03_run_training_clearml.sh,a00f7a75e76d08f1ede4a6f43cdedd582b106bc4ff5ac320c6ae19dfeb51bf8c,2155
scripts/04_run_analysis_clearml.sh,51d4afe60bef25af946f47a5e43eea38521f82e3dbd8f0d70908abc655ae181c,2469
scripts/05_cleanup_intermediates_after_success.sh,de1395178e2bf7244c2b078873549a5b83fe2b53b559496d0cc1bf38afca9ee9,1107
scripts/05_run_copy_forward_inference_mps.sh,c3ce0ecdd2a12f323ec667529d530bf9cd13647f85af1fb432c752c9fafe534b,3528
scripts/06_run_copy_forward_analysis.sh,7c158c6debdfec73c481399710340ae59e79983bdbef465fa6d221a9332b21b6,2078
scripts/07_prepare_reproducibility_package.sh,7b9953e091f598c6b96d90a4745c385e80a3683b32ad6a642004eeb1fda9b7f0,1755
scripts/08_record_provenance.sh,ed0af06662c688331de20ee7b0aa51ee3d055c6749f113a7ff98298989d45f47,2745
scripts/09_prepare_public_results.sh,cb8324ac15e40681cb06fff28ffb4688f05239e7e2400fc656fa4dd8fc8943aa,1480
tests/test_paper_analysis.py,1d879faf9ca350a7d719e5114c3e26c1a9715fc0a6630225e9afa6058e9abe65,2204
tests/test_pipeline_contracts.py,5546bc38e67761b76b56f099fc61e71b54ee15d20235bacba997067e271c3749,25737
tests/test_public_package.py,d9e081d21c918d4f12134dc32d116d700bd58a0d10b194de41ee72f371e5a28d,1311
tests/test_release.py,0f28ea0ba100a59baf5906debc334e614cdf178a285872833acc21ac0df6b357,701
tools/prepare_release.py,3159ac6301074274e27dfb0bc9139f8565e6e2ae49accfd117d7a431b3b9758a,4031
tools/verify_retained_predictions.py,5f4a16355be9e81bb1d41972d65bda415748c394fc6848ee36c83fa8db610b03,2192
