task,compression_version,bin,n,mean_predicted,observed_rate,min_predicted,max_predicted
guo_icu,condition_era_180_backfill_4096,1,204,0.021833040143546003,0.0,0.0198909743548158,0.0228059237326343
guo_icu,condition_era_180_backfill_4096,2,204,0.02353559899834881,0.004901960784313725,0.0228100118963422,0.024268839402568
guo_icu,condition_era_180_backfill_4096,3,204,0.025170657261648573,0.00980392156862745,0.0242762031041422,0.0260895064308719
guo_icu,condition_era_180_backfill_4096,4,204,0.02717280719435754,0.03431372549019608,0.0260913946325588,0.0283255055978617
guo_icu,condition_era_180_backfill_4096,5,204,0.03006229872668902,0.029411764705882353,0.0283372711534478,0.0318971699377637
guo_icu,condition_era_180_backfill_4096,6,204,0.03353764548726599,0.03431372549019608,0.0319180280254324,0.0349700573904569
guo_icu,condition_era_180_backfill_4096,7,204,0.03686430951651375,0.0392156862745098,0.0349916692342349,0.0389875048437997
guo_icu,condition_era_180_backfill_4096,8,203,0.041936773354271886,0.019704433497536946,0.0390018465322867,0.0460397214470962
guo_icu,condition_era_180_backfill_4096,9,203,0.053395840397833,0.04926108374384237,0.0461537661855678,0.064975741676697
guo_icu,condition_era_180_backfill_4096,10,203,0.1498090246280278,0.19704433497536947,0.0649857779414981,0.5329626088162385
guo_icu,condition_era_30_backfill_4096,1,204,0.021098384166244745,0.0,0.0194917081036938,0.0220441164173884
guo_icu,condition_era_30_backfill_4096,2,204,0.02273800807801352,0.00980392156862745,0.0220448802480194,0.0233999515506044
guo_icu,condition_era_30_backfill_4096,3,204,0.024180068477398235,0.0196078431372549,0.023403846221575,0.0249768932664975
guo_icu,condition_era_30_backfill_4096,4,204,0.025951219900057672,0.00980392156862745,0.0249770001418363,0.0270080683724997
guo_icu,condition_era_30_backfill_4096,5,204,0.028430768098657185,0.03431372549019608,0.0270118938392792,0.0299509129667366
guo_icu,condition_era_30_backfill_4096,6,204,0.031766476739221776,0.03431372549019608,0.029951929135066,0.0339734052969972
guo_icu,condition_era_30_backfill_4096,7,204,0.03751748858944033,0.06372549019607843,0.0340192005095446,0.042733313050703
guo_icu,condition_era_30_backfill_4096,8,203,0.04741710173711915,0.03940886699507389,0.0428969215608906,0.0515224921508284
guo_icu,condition_era_30_backfill_4096,9,203,0.05816422877425618,0.04926108374384237,0.0515353983870635,0.0674636966573632
guo_icu,condition_era_30_backfill_4096,10,203,0.15023383393841375,0.15763546798029557,0.0676890311367022,0.4669974091273478
guo_icu,condition_era_90_backfill_16384,1,204,0.025080919384084365,0.0,0.0241585132282968,0.0256394055220866
guo_icu,condition_era_90_backfill_16384,2,204,0.02622422528447879,0.014705882352941176,0.0256505909143005,0.0267667379996393
guo_icu,condition_era_90_backfill_16384,3,204,0.027331516538395505,0.014705882352941176,0.026770006189196,0.0279336854987818
guo_icu,condition_era_90_backfill_16384,4,204,0.02868397170811182,0.00980392156862745,0.0279539675733872,0.0294157885678809
guo_icu,condition_era_90_backfill_16384,5,204,0.030487855041404416,0.024509803921568627,0.0294245172215589,0.031560899572408
guo_icu,condition_era_90_backfill_16384,6,204,0.032689491257199846,0.0392156862745098,0.0315622100557636,0.0338487905170257
guo_icu,condition_era_90_backfill_16384,7,204,0.03541541757414497,0.03431372549019608,0.0338834421197776,0.0371095045300915
guo_icu,condition_era_90_backfill_16384,8,203,0.039374125636462004,0.04926108374384237,0.0371250542239635,0.0419195141372661
guo_icu,condition_era_90_backfill_16384,9,203,0.04847075532417671,0.059113300492610835,0.0420088618437009,0.0575545908841694
guo_icu,condition_era_90_backfill_16384,10,203,0.1379097778006432,0.1724137931034483,0.0576295777282604,0.5526755485157911
guo_icu,condition_era_90_backfill_4096,1,204,0.01794049662423334,0.004901960784313725,0.0158763025300508,0.0195628688802112
guo_icu,condition_era_90_backfill_4096,2,204,0.020554070448755134,0.0,0.0195641213787513,0.0214913024725994
guo_icu,condition_era_90_backfill_4096,3,204,0.022360888755958666,0.0196078431372549,0.0214957455780643,0.0232839381226354
guo_icu,condition_era_90_backfill_4096,4,204,0.024299145419972214,0.00980392156862745,0.0232952790140431,0.0254211066238937
guo_icu,condition_era_90_backfill_4096,5,204,0.026756859286236924,0.00980392156862745,0.0254387114708522,0.0280450446843052
guo_icu,condition_era_90_backfill_4096,6,204,0.029814886111209218,0.0392156862745098,0.028056814778396,0.0315965572177261
guo_icu,condition_era_90_backfill_4096,7,204,0.03407621707402944,0.0392156862745098,0.0316044955057725,0.0370409501178665
guo_icu,condition_era_90_backfill_4096,8,203,0.04092508838849225,0.04433497536945813,0.0371157700896335,0.0456667506168683
guo_icu,condition_era_90_backfill_4096,9,203,0.05484936524933723,0.06896551724137931,0.045687144370871,0.0689518384767873
guo_icu,condition_era_90_backfill_4096,10,203,0.16417162309096084,0.18226600985221675,0.0690565986734287,0.6063090492742608
guo_icu,condition_era_90_no_backfill_4096,1,204,0.01683804192675217,0.0,0.0151097523326686,0.0179794522632747
guo_icu,condition_era_90_no_backfill_4096,2,204,0.01934598812360852,0.00980392156862745,0.0179900786940842,0.0207772932635138
guo_icu,condition_era_90_no_backfill_4096,3,204,0.02232592021981733,0.0196078431372549,0.0207907813139095,0.0240323452039125
guo_icu,condition_era_90_no_backfill_4096,4,204,0.025447019663966185,0.0,0.0240631864246718,0.0267010801270127
guo_icu,condition_era_90_no_backfill_4096,5,204,0.028257062004569525,0.029411764705882353,0.0267297451199162,0.0298967453377969
guo_icu,condition_era_90_no_backfill_4096,6,204,0.03165706892551331,0.04411764705882353,0.0298969256958774,0.0338082758029856
guo_icu,condition_era_90_no_backfill_4096,7,204,0.03614908943031542,0.05392156862745098,0.0338135566544705,0.0387328643790526
guo_icu,condition_era_90_no_backfill_4096,8,203,0.04264989180742538,0.03940886699507389,0.0387510248321734,0.0477239015450216
guo_icu,condition_era_90_no_backfill_4096,9,203,0.056527515607073635,0.054187192118226604,0.0478052926845369,0.0704587226379139
guo_icu,condition_era_90_no_backfill_4096,10,203,0.16197720447240702,0.16748768472906403,0.070522688239392,0.5266323092282166
guo_icu,condition_era_90_structure_null_4096,1,204,0.02368312193762983,0.004901960784313725,0.0210911897673222,0.0251199007933389
guo_icu,condition_era_90_structure_null_4096,2,204,0.026020274772263884,0.004901960784313725,0.0251282200510768,0.0267763277587537
guo_icu,condition_era_90_structure_null_4096,3,204,0.02751942003843669,0.014705882352941176,0.0267864246787791,0.0282585908138387
guo_icu,condition_era_90_structure_null_4096,4,204,0.029089076831148607,0.0196078431372549,0.0282761840810872,0.0298377124139211
guo_icu,condition_era_90_structure_null_4096,5,204,0.030706975455779304,0.024509803921568627,0.0298394841928926,0.0316057763958156
guo_icu,condition_era_90_structure_null_4096,6,204,0.03271422512859921,0.00980392156862745,0.0316194660514145,0.0338857276760287
guo_icu,condition_era_90_structure_null_4096,7,204,0.0353596578391317,0.06372549019607843,0.0338875205841702,0.0372289686899121
guo_icu,condition_era_90_structure_null_4096,8,203,0.040075338010406344,0.04433497536945813,0.0372475821831262,0.0436364037273897
guo_icu,condition_era_90_structure_null_4096,9,203,0.05055878308695336,0.07389162561576355,0.0436531607943761,0.0628038222258281
guo_icu,condition_era_90_structure_null_4096,10,203,0.15062346588676512,0.15763546798029557,0.0628337743102114,0.514985072460137
guo_icu,raw_16384,1,204,0.027313183005755987,0.004901960784313725,0.0250343567779294,0.0281804679635215
guo_icu,raw_16384,2,204,0.028757054980024222,0.00980392156862745,0.0281889367882161,0.0293392353341424
guo_icu,raw_16384,3,204,0.02999272848958216,0.004901960784313725,0.0293460751764435,0.0307634383616695
guo_icu,raw_16384,4,204,0.031533119158010985,0.0196078431372549,0.0307686672771099,0.0322692995432225
guo_icu,raw_16384,5,204,0.03307669055996685,0.03431372549019608,0.0322753009973968,0.0340696491397931
guo_icu,raw_16384,6,204,0.035013058399873294,0.024509803921568627,0.0340791253052279,0.0359679373183245
guo_icu,raw_16384,7,204,0.03687174646505331,0.014705882352941176,0.0359745020315829,0.0378871803725078
guo_icu,raw_16384,8,203,0.03937477269364997,0.07881773399014778,0.0379205185747955,0.0410329810046487
guo_icu,raw_16384,9,203,0.04476440468846182,0.04926108374384237,0.0411066364310023,0.0520997699121864
guo_icu,raw_16384,10,203,0.13435884626976635,0.17733990147783252,0.0523942960501047,0.5465999681647074
guo_icu,raw_4096,1,204,0.0185073181204791,0.004901960784313725,0.0162965594377375,0.0199321095464195
guo_icu,raw_4096,2,204,0.021137985574086814,0.004901960784313725,0.0199362022021406,0.0221896325364057
guo_icu,raw_4096,3,204,0.02321565723647229,0.004901960784313725,0.022204266315832,0.0242360968462063
guo_icu,raw_4096,4,204,0.025333914776258848,0.014705882352941176,0.024252160496247,0.026641522936642
guo_icu,raw_4096,5,204,0.0280442784296373,0.024509803921568627,0.0266486291070163,0.029420671522629
guo_icu,raw_4096,6,204,0.03115715868056727,0.029411764705882353,0.0294229437433509,0.0329374737543952
guo_icu,raw_4096,7,204,0.03503418556635623,0.0392156862745098,0.0329564395225745,0.0374192592635402
guo_icu,raw_4096,8,203,0.04150560909083663,0.034482758620689655,0.0374437488882049,0.0456779075054223
guo_icu,raw_4096,9,203,0.05521703463408258,0.08374384236453201,0.0457704424661089,0.0695945858502038
guo_icu,raw_4096,10,203,0.15311685237534295,0.17733990147783252,0.0696459118745194,0.6230621632464333
guo_readmission,condition_era_90_backfill_16384,1,219,0.05112060491258447,0.0228310502283105,0.0439467446069856,0.0551343396165878
guo_readmission,condition_era_90_backfill_16384,2,219,0.058785495522654906,0.0136986301369863,0.0552331123113655,0.0621612449905205
guo_readmission,condition_era_90_backfill_16384,3,219,0.06535880453141964,0.0502283105022831,0.062163241726197,0.0685620419166858
guo_readmission,condition_era_90_backfill_16384,4,219,0.0718574691706254,0.045662100456621,0.0685691641935152,0.0755754563417459
guo_readmission,condition_era_90_backfill_16384,5,219,0.07950878259976314,0.0821917808219178,0.0755852783478927,0.0836541295325569
guo_readmission,condition_era_90_backfill_16384,6,219,0.08887254331003247,0.0410958904109589,0.0836687612406189,0.0944406671466002
guo_readmission,condition_era_90_backfill_16384,7,219,0.10374707462658171,0.1050228310502283,0.0944636533083166,0.114579754529641
guo_readmission,condition_era_90_backfill_16384,8,219,0.1286236184914486,0.1415525114155251,0.1145814076092949,0.1476400253120504
guo_readmission,condition_era_90_backfill_16384,9,219,0.1721443746409037,0.2237442922374429,0.1476548752334698,0.2069626560368991
guo_readmission,condition_era_90_backfill_16384,10,218,0.40564666445370706,0.463302752293578,0.2082030458251848,0.8514346449016085
guo_readmission,condition_era_90_backfill_4096,1,219,0.042794707442378344,0.0136986301369863,0.0364477449011435,0.0464975119739764
guo_readmission,condition_era_90_backfill_4096,2,219,0.04943925286521169,0.0319634703196347,0.0465026908304404,0.0523759892784401
guo_readmission,condition_era_90_backfill_4096,3,219,0.055003273903126246,0.0273972602739726,0.0523884494710841,0.0577353829484973
guo_readmission,condition_era_90_backfill_4096,4,219,0.06129007368533974,0.045662100456621,0.0577744997622405,0.0648349719631133
guo_readmission,condition_era_90_backfill_4096,5,219,0.06901456445689207,0.091324200913242,0.0648843606988332,0.0746912968450798
guo_readmission,condition_era_90_backfill_4096,6,219,0.08140945993254829,0.0593607305936073,0.0747024521577748,0.0893876968847501
guo_readmission,condition_era_90_backfill_4096,7,219,0.10231212384238363,0.0593607305936073,0.0894605040415518,0.1178523356084389
guo_readmission,condition_era_90_backfill_4096,8,219,0.14837048704602296,0.1506849315068493,0.1182572314930851,0.1850828041917293
guo_readmission,condition_era_90_backfill_4096,9,219,0.23265135380061794,0.2420091324200913,0.1855096621787349,0.29387669538388
guo_readmission,condition_era_90_backfill_4096,10,218,0.4376248362120835,0.46788990825688076,0.2953572939671228,0.6944587276323586
guo_readmission,condition_era_90_no_backfill_4096,1,219,0.04274705670862087,0.0228310502283105,0.0376549500359253,0.0456559177924423
guo_readmission,condition_era_90_no_backfill_4096,2,219,0.0494150049541771,0.0182648401826484,0.0457093368023269,0.0528940279049384
guo_readmission,condition_era_90_no_backfill_4096,3,219,0.05655797176918782,0.0319634703196347,0.052932639243721,0.0602090565088898
guo_readmission,condition_era_90_no_backfill_4096,4,219,0.06410299112921816,0.0502283105022831,0.0602153076362911,0.0682381175222926
guo_readmission,condition_era_90_no_backfill_4096,5,219,0.07385243774998553,0.0730593607305936,0.0682548748114879,0.0802076128642867
guo_readmission,condition_era_90_no_backfill_4096,6,219,0.08944115886641278,0.0684931506849315,0.0802283340249981,0.0997560829300876
guo_readmission,condition_era_90_no_backfill_4096,7,219,0.11712293299914284,0.0639269406392694,0.0998747198210329,0.1387166926503698
guo_readmission,condition_era_90_no_backfill_4096,8,219,0.16691485203408749,0.1461187214611872,0.1389508771044753,0.1999058928047776
guo_readmission,condition_era_90_no_backfill_4096,9,219,0.2406190057214135,0.2420091324200913,0.1999558464253873,0.2871704248476135
guo_readmission,condition_era_90_no_backfill_4096,10,218,0.39577044196359606,0.4724770642201835,0.2894247461883236,0.5619817339192041
guo_readmission,condition_era_90_structure_null_4096,1,219,0.043276261988732856,0.0273972602739726,0.0377764693345055,0.0463632168431162
guo_readmission,condition_era_90_structure_null_4096,2,219,0.049931155141728654,0.0319634703196347,0.0463968240013672,0.0536549642507295
guo_readmission,condition_era_90_structure_null_4096,3,219,0.05722237886311981,0.0228310502283105,0.0536908216763384,0.0609489435064757
guo_readmission,condition_era_90_structure_null_4096,4,219,0.06484280710120482,0.0502283105022831,0.0610648778996651,0.0687106772935832
guo_readmission,condition_era_90_structure_null_4096,5,219,0.07282760434372104,0.0547945205479452,0.0687557423942485,0.0783090324860204
guo_readmission,condition_era_90_structure_null_4096,6,219,0.08600924063503884,0.0776255707762557,0.0783272620346765,0.0943542541757066
guo_readmission,condition_era_90_structure_null_4096,7,219,0.10792510756343399,0.0867579908675799,0.0943632309054159,0.1238409801236384
guo_readmission,condition_era_90_structure_null_4096,8,219,0.14880948191926446,0.1461187214611872,0.1238570683956512,0.1789016119601195
guo_readmission,condition_era_90_structure_null_4096,9,219,0.22302106382533568,0.2328767123287671,0.1790163402526671,0.2792250333313738
guo_readmission,condition_era_90_structure_null_4096,10,218,0.4151377684052992,0.45871559633027525,0.2794058817633501,0.6253546780539035
guo_readmission,raw_16384,1,219,0.059632483556993895,0.0136986301369863,0.048957147676363,0.0639602344458224
guo_readmission,raw_16384,2,219,0.06695934563571013,0.0273972602739726,0.0640009849853985,0.069725532891849
guo_readmission,raw_16384,3,219,0.0726530139066565,0.0273972602739726,0.0697820301127006,0.0756647400944615
guo_readmission,raw_16384,4,219,0.07842857608807889,0.0639269406392694,0.0757382457597316,0.0815151676083078
guo_readmission,raw_16384,5,219,0.08492861696486029,0.0502283105022831,0.081545569224739,0.0887737819713479
guo_readmission,raw_16384,6,219,0.09361291015027368,0.0730593607305936,0.088779064002824,0.0985072459194244
guo_readmission,raw_16384,7,219,0.10495972528408633,0.0684931506849315,0.0985853046354078,0.113016033500806
guo_readmission,raw_16384,8,219,0.12639315989066066,0.1461187214611872,0.1132301094597796,0.1417057805680608
guo_readmission,raw_16384,9,219,0.16311779137592514,0.2785388127853881,0.1420875011931466,0.195529098977446
guo_readmission,raw_16384,10,218,0.42121765836561237,0.44036697247706424,0.196210183698545,0.9021883882102532
guo_readmission,raw_4096,1,219,0.04415291563890143,0.0228310502283105,0.0382466908798335,0.0470881099272627
guo_readmission,raw_4096,2,219,0.05226659125790913,0.0182648401826484,0.0471007049468985,0.0567859522078265
guo_readmission,raw_4096,3,219,0.06008570958828113,0.0593607305936073,0.0568843585933566,0.0630434956248222
guo_readmission,raw_4096,4,219,0.06640217629955243,0.0319634703196347,0.0630954104649266,0.0698879461201863
guo_readmission,raw_4096,5,219,0.07409120184863568,0.0593607305936073,0.0699209003163695,0.0786840615681435
guo_readmission,raw_4096,6,219,0.08507999154246759,0.0547945205479452,0.0787013645276563,0.0923463115885079
guo_readmission,raw_4096,7,219,0.10474381335944606,0.0867579908675799,0.0924814234819208,0.1195402454995569
guo_readmission,raw_4096,8,219,0.14352255932430036,0.1506849315068493,0.119981941535661,0.1758834254422493
guo_readmission,raw_4096,9,219,0.22729259455970166,0.2511415525114155,0.175952262773591,0.2865883490270409
guo_readmission,raw_4096,10,218,0.41207487898738915,0.4541284403669725,0.2868821590176486,0.6228312078710196
