task,compression_version,n,n_patients,n_positive,event_rate,mean_prediction,mean_prediction_minus_event_rate,ece_10_equal_frequency,calibration_intercept,calibration_slope,brier,logloss,n_bootstrap_valid,calibration_intercept_ci_low,calibration_intercept_ci_high,calibration_slope_ci_low,calibration_slope_ci_high,ece_10_equal_frequency_ci_low,ece_10_equal_frequency_ci_high,mean_prediction_minus_event_rate_ci_low,mean_prediction_minus_event_rate_ci_high
guo_icu,condition_era_180_backfill_4096,2037,1154,85,0.041728031418753066,0.04427674496129325,0.0025487135425401874,0.014020011050729041,0.689775873942613,1.2740983446185719,0.03633897123470754,0.1499465581031469,,,,,,,,,
guo_icu,condition_era_30_backfill_4096,2037,1154,85,0.041728031418753066,0.04469007896382425,0.002962047545071185,0.011375131581722023,0.20721737571541732,1.1020463549695971,0.03764857220427781,0.155652285106613,,,,,,,,,
guo_icu,condition_era_90_backfill_16384,2037,1154,85,0.041728031418753066,0.04311955261328201,0.0013915211945289413,0.013667562485634492,0.9049152452043875,1.3321281424737483,0.03614901513907705,0.15053278389708014,,,,,,,,,
guo_icu,condition_era_90_backfill_4096,2037,1154,85,0.041728031418753066,0.04351142688998772,0.0017833954712346556,0.011795335946705333,0.43850033478308037,1.1777102794324636,0.03618477702656567,0.14745357067354914,2000.0,-0.23829630791243045,1.1733549654887958,0.9673951827951253,1.431449233928694,0.009820222395294044,0.023460827304865813,-0.007856106650883621,0.010783588605807526
guo_icu,condition_era_90_no_backfill_4096,2037,1154,85,0.041728031418753066,0.04405424891169788,0.0023262174929448154,0.009711323569115783,0.26118204182440985,1.117708193848484,0.03681898824226991,0.15175502211377265,,,,,,,,,
guo_icu,condition_era_90_structure_null_4096,2037,1154,85,0.041728031418753066,0.04458233262954695,0.002854301210793886,0.01543293610823109,0.250059467806107,1.115699268693073,0.03730945436826895,0.15527935291567313,,,,,,,,,
guo_icu,raw_16384,2037,1154,85,0.041728031418753066,0.04406325249740682,0.0023352210786537556,0.019907392236666027,0.8322779253166133,1.3147854800366807,0.03690332091709805,0.15304914831313887,,,,,,,,,
guo_icu,raw_4096,2037,1154,85,0.041728031418753066,0.04316801147700552,0.001439980058252452,0.01279122903375558,0.5631651902711049,1.2169811063872693,0.03636583280994945,0.1492586228302491,2000.0,-0.1285146561193176,1.2995255703592064,0.9916123637695716,1.4541653694123655,0.010088297416605317,0.023167299580446422,-0.00876402077065911,0.010351031034611548
guo_readmission,condition_era_90_backfill_16384,2189,1190,260,0.1187756966651439,0.1224372238466995,0.0036615271815556016,0.0288491049984009,0.3708047201191583,1.225763814701195,0.0876669613776032,0.3034173858434765,,,,,,,,,
guo_readmission,condition_era_90_backfill_4096,2189,1190,260,0.1187756966651439,0.12784956342240944,0.009073866757265542,0.02190147109193168,0.21728246888419303,1.1972177924423755,0.08601923984162729,0.2969254372192538,2000.0,-0.04931002455406909,0.44563153055681326,1.060509986628678,1.3351288623723763,0.01654862538062758,0.03678812400008472,-0.003468447357702729,0.021441331682604252
guo_readmission,condition_era_90_no_backfill_4096,2189,1190,260,0.1187756966651439,0.12953281569722516,0.010757119032081264,0.026313520492973426,0.40159417779380646,1.326710801157094,0.08710356322270803,0.29914688127249334,,,,,,,,,
guo_readmission,condition_era_90_structure_null_4096,2189,1190,260,0.1187756966651439,0.12676861156460542,0.007992914899461523,0.018644676900280408,0.31627822283671797,1.2468376965424608,0.08688231202613834,0.2999612837887388,,,,,,,,,
guo_readmission,raw_16384,2189,1190,260,0.1187756966651439,0.12705600773346928,0.008280311068325386,0.039136091926173004,0.20020954899015417,1.158027240427082,0.08804127916397474,0.3056220625981457,,,,,,,,,
guo_readmission,raw_4096,2189,1190,260,0.1187756966651439,0.1268409994600524,0.008065302794908497,0.022646534115285562,0.35366085896681726,1.2700898747429732,0.0869021117464006,0.2995568821034199,2000.0,0.06322647342530818,0.6023673227663963,1.1187651441737327,1.417335262675162,0.01824070537723236,0.03926107567749503,-0.0044640633723920945,0.02071153989438412
