task,compression_version,copy_fraction,n_episodes,n_patients,n_positive,mean_abs_delta_probability,median_abs_delta_probability,p95_abs_delta_probability,max_abs_delta_probability,spearman_risk_vs_0
guo_icu,condition_era_90_backfill_4096,0.0,1028,570,37,0.0,0.0,0.0,0.0,1.0
guo_icu,condition_era_90_backfill_4096,0.25,1028,570,37,0.00024053226067137623,1.2401094695252066e-05,0.000751453597606799,0.0209568608676581,0.9994106995987687
guo_icu,condition_era_90_backfill_4096,0.5,1028,570,37,0.0004646161330264684,2.966878007554935e-05,0.0014292603288613825,0.0664866190963454,0.9990572298173368
guo_icu,condition_era_90_backfill_4096,1.0,1028,570,37,0.0008976304515971155,6.208887190219808e-05,0.003491033369288646,0.09797398150838343,0.9982253497326671
guo_icu,raw_4096,0.0,1028,570,37,0.0,0.0,0.0,0.0,1.0
guo_icu,raw_4096,0.25,1028,570,37,9.898205190511639e-05,5.334103201450058e-06,0.0004110690195436993,0.011335292221463802,0.9994433513698286
guo_icu,raw_4096,0.5,1028,570,37,0.0002193876609632658,1.3121474615549605e-05,0.0008684642074318333,0.024923028154795496,0.9990261576143626
guo_icu,raw_4096,1.0,1028,570,37,0.0004707985961963737,4.257144740405297e-05,0.0018005596034623003,0.04065195625384539,0.9982307953764872
guo_readmission,condition_era_90_backfill_4096,0.0,1286,685,157,0.0,0.0,0.0,0.0,1.0
guo_readmission,condition_era_90_backfill_4096,0.25,1286,685,157,0.00022359658238749265,2.3716932993449874e-05,0.0008704644370138796,0.028214613746380013,0.9999537272388874
guo_readmission,condition_era_90_backfill_4096,0.5,1286,685,157,0.0002744310758165395,3.412851879310355e-05,0.0010351188665913141,0.025171038177231403,0.9998998993958179
guo_readmission,condition_era_90_backfill_4096,1.0,1286,685,157,0.0003268770730886381,3.9140076978548544e-05,0.001249963859971913,0.03306301730998712,0.9998765457854966
guo_readmission,raw_4096,0.0,1286,685,157,0.0,0.0,0.0,0.0,1.0
guo_readmission,raw_4096,0.25,1286,685,157,0.0004080157074177665,3.279838878278776e-05,0.0016657668898776776,0.036376097587719425,0.99993636014235
guo_readmission,raw_4096,0.5,1286,685,157,0.0007102474222317494,7.636459938764953e-05,0.00297283767840531,0.052656171552266706,0.999829150200404
guo_readmission,raw_4096,1.0,1286,685,157,0.0012753254243208813,0.00015323624698711236,0.00573896179054274,0.0557739009216498,0.9995941358063224
