task,ensemble_size,comparison,n_pairs,mean_jaccard,min_jaccard,max_jaccard,n_episodes,top_k
guo_readmission,1,raw_within_disjoint_seeds,10,0.4753209141023774,0.38170347003154576,0.5531914893617021,2189,219
guo_readmission,1,era_within_disjoint_seeds,10,0.5457818874655063,0.4503311258278146,0.5985401459854015,2189,219
guo_readmission,1,cross_representation_matched_seeds,5,0.5304633558575327,0.39490445859872614,0.6343283582089553,2189,219
guo_readmission,2,raw_within_disjoint_seeds,15,0.5750649358816303,0.5103448275862069,0.6528301886792452,2189,219
guo_readmission,2,era_within_disjoint_seeds,15,0.6398856520357591,0.5698924731182796,0.7042801556420234,2189,219
guo_readmission,2,cross_representation_matched_seeds,10,0.6250894200509025,0.5927272727272728,0.6653992395437263,2189,219
guo_icu,1,raw_within_disjoint_seeds,10,0.28885230690957414,0.18604651162790697,0.37373737373737376,2037,204
guo_icu,1,era_within_disjoint_seeds,10,0.3697834491355179,0.275,0.42160278745644597,2037,204
guo_icu,1,cross_representation_matched_seeds,5,0.3416849197488904,0.2553846153846154,0.44680851063829785,2037,204
guo_icu,2,raw_within_disjoint_seeds,15,0.41430746258496287,0.32038834951456313,0.46236559139784944,2037,204
guo_icu,2,era_within_disjoint_seeds,15,0.4498813838109328,0.4166666666666667,0.48905109489051096,2037,204
guo_icu,2,cross_representation_matched_seeds,10,0.45735385998672695,0.3783783783783784,0.516728624535316,2037,204
