task,compression_version,auroc_recomputed,auprc_recomputed,brier_recomputed,logloss_recomputed,top_10pct_precision_recomputed,top_10pct_lift_recomputed,top_10pct_event_capture_recomputed,n_recomputed,n_positive_recomputed,event_rate_recomputed,n_patients_recomputed,auroc_stored,auprc_stored,brier_stored,logloss_stored,top_10pct_precision_stored,top_10pct_lift_stored,top_10pct_event_capture_stored,n_stored,n_positive_stored,event_rate_stored,n_patients_stored,auroc_abs_diff,auprc_abs_diff,brier_abs_diff,logloss_abs_diff,top_10pct_precision_abs_diff,top_10pct_lift_abs_diff,top_10pct_event_capture_abs_diff,n_abs_diff,n_positive_abs_diff,event_rate_abs_diff,n_patients_abs_diff
guo_icu,condition_era_180_backfill_4096,0.7756991321118613,0.23622702830561926,0.03633897123470754,0.1499465581031469,0.19607843137254902,4.6989619377162635,0.47058823529411764,2037,85,0.041728031418753066,1154,0.7756991321118613,0.2362270283056192,0.0363389712347075,0.1499465581031469,0.196078431372549,4.698961937716264,0.4705882352941176,2037,85,0.041728031418753,1154,0.0,5.551115123125783e-17,4.163336342344337e-17,0.0,2.7755575615628914e-17,8.881784197001252e-16,5.551115123125783e-17,0,0,6.245004513516506e-17,0
guo_icu,condition_era_30_backfill_4096,0.755026518804243,0.16008681229965238,0.03764857220427781,0.155652285106613,0.1568627450980392,3.7591695501730107,0.3764705882352941,2037,85,0.041728031418753066,1154,0.755026518804243,0.1600868122996523,0.0376485722042778,0.155652285106613,0.1568627450980392,3.7591695501730102,0.3764705882352941,2037,85,0.041728031418753,1154,0.0,8.326672684688674e-17,6.938893903907228e-18,0.0,0.0,4.440892098500626e-16,0.0,0,0,6.245004513516506e-17,0
guo_icu,condition_era_90_backfill_16384,0.7774349083895853,0.2352406344687482,0.03614901513907705,0.15053278389708014,0.17647058823529413,4.229065743944637,0.4235294117647059,2037,85,0.041728031418753066,1154,0.7774349083895853,0.2352406344687482,0.036149015139077,0.1505327838970801,0.1764705882352941,4.229065743944637,0.4235294117647059,2037,85,0.041728031418753,1154,0.0,0.0,4.85722573273506e-17,2.7755575615628914e-17,2.7755575615628914e-17,0.0,0.0,0,0,6.245004513516506e-17,0
guo_icu,condition_era_90_backfill_4096,0.8013018322082931,0.22412428494033598,0.03618477702656567,0.14745357067354914,0.18137254901960784,4.346539792387543,0.43529411764705883,2037,85,0.041728031418753066,1154,0.8013018322082931,0.2241242849403359,0.0361847770265656,0.1474535706735491,0.1813725490196078,4.346539792387543,0.4352941176470588,2037,85,0.041728031418753,1154,0.0,8.326672684688674e-17,6.938893903907228e-17,2.7755575615628914e-17,2.7755575615628914e-17,0.0,5.551115123125783e-17,0,0,6.245004513516506e-17,0
guo_icu,condition_era_90_no_backfill_4096,0.7731617647058823,0.2006775355482088,0.03681898824226991,0.15175502211377265,0.16666666666666666,3.9941176470588236,0.4,2037,85,0.041728031418753066,1154,0.7731617647058823,0.2006775355482088,0.0368189882422699,0.1517550221137726,0.1666666666666666,3.994117647058824,0.4,2037,85,0.041728031418753,1154,0.0,0.0,6.938893903907228e-18,5.551115123125783e-17,5.551115123125783e-17,4.440892098500626e-16,0.0,0,0,6.245004513516506e-17,0
guo_icu,condition_era_90_structure_null_4096,0.7704194792671166,0.1825341303604133,0.03730945436826895,0.15527935291567313,0.1568627450980392,3.7591695501730107,0.3764705882352941,2037,85,0.041728031418753066,1154,0.7704194792671166,0.1825341303604133,0.0373094543682689,0.1552793529156731,0.1568627450980392,3.7591695501730102,0.3764705882352941,2037,85,0.041728031418753,1154,0.0,0.0,4.85722573273506e-17,2.7755575615628914e-17,0.0,4.440892098500626e-16,0.0,0,0,6.245004513516506e-17,0
guo_icu,raw_16384,0.7805086788813885,0.2017031547656013,0.03690332091709805,0.15304914831313887,0.18137254901960784,4.346539792387543,0.43529411764705883,2037,85,0.041728031418753066,1154,0.7805086788813885,0.2017031547656013,0.036903320917098,0.1530491483131388,0.1813725490196078,4.346539792387543,0.4352941176470588,2037,85,0.041728031418753,1154,0.0,0.0,4.85722573273506e-17,8.326672684688674e-17,2.7755575615628914e-17,0.0,5.551115123125783e-17,0,0,6.245004513516506e-17,0
guo_icu,raw_4096,0.7948288331726133,0.21939999562943738,0.03636583280994945,0.1492586228302491,0.17647058823529413,4.229065743944637,0.4235294117647059,2037,85,0.041728031418753066,1154,0.7948288331726133,0.2193999956294373,0.0363658328099494,0.1492586228302491,0.1764705882352941,4.229065743944637,0.4235294117647059,2037,85,0.041728031418753,1154,0.0,8.326672684688674e-17,4.85722573273506e-17,0.0,2.7755575615628914e-17,0.0,0.0,0,0,6.245004513516506e-17,0
guo_readmission,condition_era_90_backfill_16384,0.794185907405192,0.4161370222203375,0.0876669613776032,0.3034173858434765,0.4657534246575342,3.921285563751317,0.3923076923076923,2189,260,0.1187756966651439,1190,0.794185907405192,0.4161370222203375,0.0876669613776032,0.3034173858434765,0.4657534246575342,3.921285563751317,0.3923076923076923,2189,260,0.1187756966651439,1190,0.0,0.0,0.0,0.0,0.0,0.0,0.0,0,0,0.0,0
guo_readmission,condition_era_90_backfill_4096,0.7984866610838618,0.4205720245274604,0.08601923984162729,0.2969254372192538,0.4657534246575342,3.921285563751317,0.3923076923076923,2189,260,0.1187756966651439,1190,0.7984866610838618,0.4205720245274604,0.0860192398416272,0.2969254372192538,0.4657534246575342,3.921285563751317,0.3923076923076923,2189,260,0.1187756966651439,1190,0.0,0.0,9.71445146547012e-17,0.0,0.0,0.0,0.0,0,0,0.0,0
guo_readmission,condition_era_90_no_backfill_4096,0.8007377277983809,0.40515124879783565,0.08710356322270803,0.29914688127249334,0.4703196347031963,3.959729539866526,0.39615384615384613,2189,260,0.1187756966651439,1190,0.8007377277983809,0.4051512487978356,0.087103563222708,0.2991468812724933,0.4703196347031963,3.959729539866526,0.3961538461538461,2189,260,0.1187756966651439,1190,0.0,5.551115123125783e-17,2.7755575615628914e-17,5.551115123125783e-17,0.0,0.0,5.551115123125783e-17,0,0,0.0,0
guo_readmission,condition_era_90_structure_null_4096,0.7928101447541573,0.4126010983108889,0.08688231202613834,0.2999612837887388,0.45662100456621,3.844397611520899,0.38461538461538464,2189,260,0.1187756966651439,1190,0.7928101447541573,0.4126010983108889,0.0868823120261383,0.2999612837887388,0.45662100456621,3.844397611520899,0.3846153846153846,2189,260,0.1187756966651439,1190,0.0,0.0,4.163336342344337e-17,0.0,0.0,0.0,5.551115123125783e-17,0,0,0.0,0
guo_readmission,raw_16384,0.8034214618973562,0.42016440144363826,0.08804127916397474,0.3056220625981457,0.4383561643835616,3.690621707060063,0.36923076923076925,2189,260,0.1187756966651439,1190,0.8034214618973562,0.4201644014436382,0.0880412791639747,0.3056220625981457,0.4383561643835616,3.690621707060063,0.3692307692307692,2189,260,0.1187756966651439,1190,0.0,5.551115123125783e-17,4.163336342344337e-17,0.0,0.0,0.0,5.551115123125783e-17,0,0,0.0,0
guo_readmission,raw_4096,0.7941520118036449,0.4097272282622244,0.0869021117464006,0.2995568821034199,0.4520547945205479,3.80595363540569,0.38076923076923075,2189,260,0.1187756966651439,1190,0.7941520118036449,0.4097272282622244,0.0869021117464006,0.2995568821034199,0.4520547945205479,3.80595363540569,0.3807692307692307,2189,260,0.1187756966651439,1190,0.0,0.0,0.0,0.0,0.0,0.0,5.551115123125783e-17,0,0,0.0,0
