comparison,task,model_a,model_b,metric,higher_is_better,model_a_value,model_b_value,point_delta_a_minus_b,benefit_delta,bootstrap_mean_delta,bootstrap_std_delta,ci_low,ci_high,point_effect_direction,fraction_bootstrap_model_a_better,fraction_bootstrap_model_b_better,fraction_bootstrap_equal,fraction_bootstrap_matching_point_direction,n_bootstrap_valid,n_bootstrap_requested,bootstrap_unit,weighting,n_paired_examples,n_paired_patients,n_paired_positive,bootstrap_p_two_sided_approx,p_holm_all_60,p_bh_all_60,nominal_ci_excludes_zero,survives_holm_005,survives_bh_005,benefit_ci_low,benefit_ci_high
Full4096,guo_readmission,condition_era_90_backfill_4096,raw_4096,auroc,True,0.7984866610838618,0.7941520118036449,0.0043346492802168,0.0043346492802168,0.0043747562649593,0.0045221215951465,-0.0045341260641945,0.0134915072914854,model_a_better,0.8327,0.1672,0.0001,0.8327,10000,10000,subject_id,episode_weighted_with_patient_cluster_resampling,2189,1190,260,0.33456654334566543,1.0,0.4779522047795221,False,False,False,-0.0045341260641945,0.0134915072914854
Full4096,guo_readmission,condition_era_90_backfill_4096,raw_4096,auprc,True,0.4205720245274604,0.4097272282622244,0.0108447962652359,0.0108447962652359,0.0082948153722699,0.0099103548253191,-0.0120123518944244,0.0267538513093503,model_a_better,0.8086,0.1914,0.0,0.8086,10000,10000,subject_id,episode_weighted_with_patient_cluster_resampling,2189,1190,260,0.38296170382961703,1.0,0.5343651681343494,False,False,False,-0.0120123518944244,0.0267538513093503
Full4096,guo_readmission,condition_era_90_backfill_4096,raw_4096,brier,False,0.0860192398416272,0.0869021117464006,-0.0008828719047733,0.0008828719047733,-0.0008778646627683,0.0006378538741493,-0.0021688071754118,0.0003621741213252,model_a_better,0.9174,0.0826,0.0,0.9174,10000,10000,subject_id,episode_weighted_with_patient_cluster_resampling,2189,1190,260,0.1653834616538346,1.0,0.3483522615480387,False,False,False,-0.0003621741213252,0.0021688071754118
Full4096,guo_readmission,condition_era_90_backfill_4096,raw_4096,logloss,False,0.2969254372192538,0.2995568821034199,-0.0026314448841661,0.0026314448841661,-0.0026250050621949,0.0017411076430011,-0.0061377835436954,0.0007729696815594,model_a_better,0.9374,0.0626,0.0,0.9374,10000,10000,subject_id,episode_weighted_with_patient_cluster_resampling,2189,1190,260,0.12538746125387462,1.0,0.3483522615480387,False,False,False,-0.0007729696815594,0.0061377835436954
Full4096,guo_readmission,condition_era_90_backfill_4096,raw_4096,top_10pct_precision,True,0.4657534246575342,0.4520547945205479,0.0136986301369863,0.0136986301369863,0.02588837540829,0.0192099224014725,-0.0131018731326132,0.0630641563893991,model_a_better,0.8908,0.0708,0.0384,0.8908,10000,10000,subject_id,episode_weighted_with_patient_cluster_resampling,2189,1190,260,0.14178582141785823,1.0,0.3483522615480387,False,False,False,-0.0131018731326132,0.0630641563893991
RepresentationOnly4096,guo_readmission,condition_era_90_no_backfill_4096,raw_4096,auroc,True,0.8007377277983809,0.7941520118036449,0.006585715994736,0.006585715994736,0.0067183563115322,0.0043542900464946,-0.0016171518465812,0.0156724310877873,model_a_better,0.943,0.0569,0.0001,0.943,10000,10000,subject_id,episode_weighted_with_patient_cluster_resampling,2189,1190,260,0.11398860113988601,1.0,0.3483522615480387,False,False,False,-0.0016171518465812,0.0156724310877873
RepresentationOnly4096,guo_readmission,condition_era_90_no_backfill_4096,raw_4096,auprc,True,0.4051512487978356,0.4097272282622244,-0.0045759794643887,-0.0045759794643887,-0.0063132536049361,0.0113214883548978,-0.0292438768249851,0.0150965461982506,model_b_better,0.2984,0.7016,0.0,0.7016,10000,10000,subject_id,episode_weighted_with_patient_cluster_resampling,2189,1190,260,0.5969403059694031,1.0,0.7330805381000361,False,False,False,-0.0292438768249851,0.0150965461982506
RepresentationOnly4096,guo_readmission,condition_era_90_no_backfill_4096,raw_4096,brier,False,0.087103563222708,0.0869021117464006,0.0002014514763074,-0.0002014514763074,0.0001921993772385,0.0006164467085873,-0.0009805336746912,0.0014216010435109,model_b_better,0.3794,0.6206,0.0,0.6206,10000,10000,subject_id,episode_weighted_with_patient_cluster_resampling,2189,1190,260,0.7589241075892411,1.0,0.7850939044026632,False,False,False,-0.0014216010435109,0.0009805336746912
RepresentationOnly4096,guo_readmission,condition_era_90_no_backfill_4096,raw_4096,logloss,False,0.2991468812724933,0.2995568821034199,-0.0004100008309265,0.0004100008309265,-0.0004260590645308,0.0018060519556564,-0.0039788880251017,0.0031103337414688,model_a_better,0.5949,0.4051,0.0,0.5949,10000,10000,subject_id,episode_weighted_with_patient_cluster_resampling,2189,1190,260,0.8103189681031897,1.0,0.8240531879015489,False,False,False,-0.0031103337414688,0.0039788880251017
RepresentationOnly4096,guo_readmission,condition_era_90_no_backfill_4096,raw_4096,top_10pct_precision,True,0.4703196347031963,0.4520547945205479,0.0182648401826484,0.0182648401826484,0.0207848582354741,0.0179549271341895,-0.0138888888888888,0.0553250591016547,model_a_better,0.8528,0.0979,0.0493,0.8528,10000,10000,subject_id,episode_weighted_with_patient_cluster_resampling,2189,1190,260,0.195980401959804,1.0,0.3632364036323641,False,False,False,-0.0138888888888888,0.0553250591016547
Backfill4096,guo_readmission,condition_era_90_backfill_4096,condition_era_90_no_backfill_4096,auroc,True,0.7984866610838618,0.8007377277983809,-0.0022510667145191,-0.0022510667145191,-0.0023436000465729,0.0041873019274248,-0.0107297840869969,0.0058166709586619,model_b_better,0.2902,0.7095,0.0003,0.7095,10000,10000,subject_id,episode_weighted_with_patient_cluster_resampling,2189,1190,260,0.5805419458054195,1.0,0.7330805381000361,False,False,False,-0.0107297840869969,0.0058166709586619
Backfill4096,guo_readmission,condition_era_90_backfill_4096,condition_era_90_no_backfill_4096,auprc,True,0.4205720245274604,0.4051512487978356,0.0154207757296247,0.0154207757296247,0.0146080689772061,0.0111341225559923,-0.0061713541784562,0.0377155352841842,model_a_better,0.912,0.088,0.0,0.912,10000,10000,subject_id,episode_weighted_with_patient_cluster_resampling,2189,1190,260,0.17618238176182383,1.0,0.3483522615480387,False,False,False,-0.0061713541784562,0.0377155352841842
Backfill4096,guo_readmission,condition_era_90_backfill_4096,condition_era_90_no_backfill_4096,brier,False,0.0860192398416272,0.087103563222708,-0.0010843233810807,0.0010843233810807,-0.0010700640400069,0.0008278560595034,-0.0028163914121275,0.0004455017786956,model_a_better,0.9149,0.0851,0.0,0.9149,10000,10000,subject_id,episode_weighted_with_patient_cluster_resampling,2189,1190,260,0.1703829617038296,1.0,0.3483522615480387,False,False,False,-0.0004455017786956,0.0028163914121275
Backfill4096,guo_readmission,condition_era_90_backfill_4096,condition_era_90_no_backfill_4096,logloss,False,0.2969254372192538,0.2991468812724933,-0.0022214440532395,0.0022214440532395,-0.002198945997664,0.0021510351285518,-0.0065737480632669,0.0018992566037466,model_a_better,0.8502,0.1498,0.0,0.8502,10000,10000,subject_id,episode_weighted_with_patient_cluster_resampling,2189,1190,260,0.2997700229977002,1.0,0.46118465076569265,False,False,False,-0.0018992566037466,0.0065737480632669
Backfill4096,guo_readmission,condition_era_90_backfill_4096,condition_era_90_no_backfill_4096,top_10pct_precision,True,0.4657534246575342,0.4703196347031963,-0.0045662100456621,-0.0045662100456621,0.0051035171728159,0.0196735357965704,-0.032924237130212,0.044252704031465,model_b_better,0.5497,0.351,0.0993,0.351,10000,10000,subject_id,episode_weighted_with_patient_cluster_resampling,2189,1190,260,0.7021297870212979,1.0,0.7801442078014422,False,False,False,-0.032924237130212,0.044252704031465
StateFeatures4096,guo_readmission,condition_era_90_backfill_4096,condition_era_90_structure_null_4096,auroc,True,0.7984866610838618,0.7928101447541573,0.0056765163297044,0.0056765163297044,0.0056910545463627,0.0048292257802526,-0.003635269471432,0.0155323673350056,model_a_better,0.8858,0.1141,0.0001,0.8858,10000,10000,subject_id,episode_weighted_with_patient_cluster_resampling,2189,1190,260,0.2283771622837716,1.0,0.38296170382961703,False,False,False,-0.003635269471432,0.0155323673350056
StateFeatures4096,guo_readmission,condition_era_90_backfill_4096,condition_era_90_structure_null_4096,auprc,True,0.4205720245274604,0.4126010983108889,0.0079709262165714,0.0079709262165714,0.007468828174337,0.0099260704845842,-0.0123382401113656,0.0261243100764658,model_a_better,0.7773,0.2227,0.0,0.7773,10000,10000,subject_id,episode_weighted_with_patient_cluster_resampling,2189,1190,260,0.44555544445555445,1.0,0.5940739259407393,False,False,False,-0.0123382401113656,0.0261243100764658
StateFeatures4096,guo_readmission,condition_era_90_backfill_4096,condition_era_90_structure_null_4096,brier,False,0.0860192398416272,0.0868823120261383,-0.000863072184511,0.000863072184511,-0.0008581730898038,0.0005975063459384,-0.0020434799261848,0.0002991175937732,model_a_better,0.926,0.074,0.0,0.926,10000,10000,subject_id,episode_weighted_with_patient_cluster_resampling,2189,1190,260,0.1481851814818518,1.0,0.3483522615480387,False,False,False,-0.0002991175937732,0.0020434799261848
StateFeatures4096,guo_readmission,condition_era_90_backfill_4096,condition_era_90_structure_null_4096,logloss,False,0.2969254372192538,0.2999612837887388,-0.003035846569485,0.003035846569485,-0.0030156916560209,0.0017675021720751,-0.0065039615028463,0.0004374819631418,model_a_better,0.9548,0.0452,0.0,0.9548,10000,10000,subject_id,episode_weighted_with_patient_cluster_resampling,2189,1190,260,0.09059094090590941,1.0,0.3197327326090921,False,False,False,-0.0004374819631418,0.0065039615028463
StateFeatures4096,guo_readmission,condition_era_90_backfill_4096,condition_era_90_structure_null_4096,top_10pct_precision,True,0.4657534246575342,0.45662100456621,0.0091324200913242,0.0091324200913242,0.0162424036129383,0.0191309090245942,-0.0222222222222222,0.0541899783786193,model_a_better,0.77,0.1645,0.0655,0.77,10000,10000,subject_id,episode_weighted_with_patient_cluster_resampling,2189,1190,260,0.3291670832916708,1.0,0.4779522047795221,False,False,False,-0.0222222222222222,0.0541899783786193
Full16384,guo_readmission,condition_era_90_backfill_16384,raw_16384,auroc,True,0.794185907405192,0.8034214618973562,-0.0092355544921641,-0.0092355544921641,-0.0094494918495695,0.0064945387050063,-0.022886173504549,0.0025040838087342,model_b_better,0.0659,0.934,0.0001,0.934,10000,10000,subject_id,episode_weighted_with_patient_cluster_resampling,2189,1190,260,0.131986801319868,1.0,0.3483522615480387,False,False,False,-0.022886173504549,0.0025040838087342
Full16384,guo_readmission,condition_era_90_backfill_16384,raw_16384,auprc,True,0.4161370222203375,0.4201644014436382,-0.0040273792233007,-0.0040273792233007,-0.0050475708468195,0.0101586418361214,-0.0257867572452285,0.0140556456442197,model_b_better,0.3144,0.6856,0.0,0.6856,10000,10000,subject_id,episode_weighted_with_patient_cluster_resampling,2189,1190,260,0.628937106289371,1.0,0.7330805381000361,False,False,False,-0.0257867572452285,0.0140556456442197
Full16384,guo_readmission,condition_era_90_backfill_16384,raw_16384,brier,False,0.0876669613776032,0.0880412791639747,-0.0003743177863715,0.0003743177863715,-0.0003668526757568,0.0007416047802204,-0.0018523687804965,0.0010558558706947,model_a_better,0.6856,0.3144,0.0,0.6856,10000,10000,subject_id,episode_weighted_with_patient_cluster_resampling,2189,1190,260,0.628937106289371,1.0,0.7330805381000361,False,False,False,-0.0010558558706947,0.0018523687804965
Full16384,guo_readmission,condition_era_90_backfill_16384,raw_16384,logloss,False,0.3034173858434765,0.3056220625981457,-0.0022046767546692,0.0022046767546692,-0.002195249959016,0.0022274222751126,-0.0066083579119924,0.0021564261060706,model_a_better,0.8406,0.1594,0.0,0.8406,10000,10000,subject_id,episode_weighted_with_patient_cluster_resampling,2189,1190,260,0.31896810318968105,1.0,0.4779522047795221,False,False,False,-0.0021564261060706,0.0066083579119924
Full16384,guo_readmission,condition_era_90_backfill_16384,raw_16384,top_10pct_precision,True,0.4657534246575342,0.4383561643835616,0.0273972602739726,0.0273972602739726,0.0196120075575848,0.0210197539049426,-0.0213698140200286,0.0610328638497652,model_a_better,0.8005,0.1446,0.0549,0.8005,10000,10000,subject_id,episode_weighted_with_patient_cluster_resampling,2189,1190,260,0.2893710628937106,1.0,0.4569016782532273,False,False,False,-0.0213698140200286,0.0610328638497652
Full4096,guo_icu,condition_era_90_backfill_4096,raw_4096,auroc,True,0.8013018322082931,0.7948288331726133,0.0064729990356797,0.0064729990356797,0.006521856007866,0.0118714860040611,-0.0167445591556933,0.0304990537330927,model_a_better,0.7121,0.2878,0.0001,0.7121,10000,10000,subject_id,episode_weighted_with_patient_cluster_resampling,2037,1154,85,0.5757424257574243,1.0,0.7330805381000361,False,False,False,-0.0167445591556933,0.0304990537330927
Full4096,guo_icu,condition_era_90_backfill_4096,raw_4096,auprc,True,0.2241242849403359,0.2193999956294373,0.0047242893108986,0.0047242893108986,0.0072928048528223,0.0173979056905131,-0.0265372112254131,0.0422491981043542,model_a_better,0.6692,0.3308,0.0,0.6692,10000,10000,subject_id,episode_weighted_with_patient_cluster_resampling,2037,1154,85,0.6617338266173383,1.0,0.7491326339064207,False,False,False,-0.0265372112254131,0.0422491981043542
Full4096,guo_icu,condition_era_90_backfill_4096,raw_4096,brier,False,0.0361847770265656,0.0363658328099494,-0.0001810557833837,0.0001810557833837,-0.0001818248603817,0.0003849070668177,-0.0009379880942129,0.0005772836687139,model_a_better,0.6824,0.3176,0.0,0.6824,10000,10000,subject_id,episode_weighted_with_patient_cluster_resampling,2037,1154,85,0.6353364663533647,1.0,0.7330805381000361,False,False,False,-0.0005772836687139,0.0009379880942129
Full4096,guo_icu,condition_era_90_backfill_4096,raw_4096,logloss,False,0.1474535706735491,0.1492586228302491,-0.0018050521566999,0.0018050521566999,-0.0018165344777377,0.0015541931943351,-0.004896268935047,0.001192886648556,model_a_better,0.8784,0.1216,0.0,0.8784,10000,10000,subject_id,episode_weighted_with_patient_cluster_resampling,2037,1154,85,0.24337566243375663,1.0,0.3946632363790648,False,False,False,-0.001192886648556,0.004896268935047
Full4096,guo_icu,condition_era_90_backfill_4096,raw_4096,top_10pct_precision,True,0.1813725490196078,0.1764705882352941,0.0049019607843137,0.0049019607843137,0.0109797330425014,0.0162803830914356,-0.0204081632653061,0.043067376702245,model_a_better,0.6983,0.2008,0.1009,0.6983,10000,10000,subject_id,episode_weighted_with_patient_cluster_resampling,2037,1154,85,0.40175982401759824,1.0,0.5478543054785431,False,False,False,-0.0204081632653061,0.043067376702245
RepresentationOnly4096,guo_icu,condition_era_90_no_backfill_4096,raw_4096,auroc,True,0.7731617647058823,0.7948288331726133,-0.021667068466731,-0.021667068466731,-0.0217408431804006,0.014712063522681,-0.0511642462253513,0.0069374807137101,model_b_better,0.0688,0.9312,0.0,0.9312,10000,10000,subject_id,episode_weighted_with_patient_cluster_resampling,2037,1154,85,0.1377862213778622,1.0,0.3483522615480387,False,False,False,-0.0511642462253513,0.0069374807137101
RepresentationOnly4096,guo_icu,condition_era_90_no_backfill_4096,raw_4096,auprc,True,0.2006775355482088,0.2193999956294373,-0.0187224600812285,-0.0187224600812285,-0.0166241383978688,0.0130709971943567,-0.0425613591918186,0.009329796544353,model_b_better,0.0998,0.9002,0.0,0.9002,10000,10000,subject_id,episode_weighted_with_patient_cluster_resampling,2037,1154,85,0.19978002199780023,1.0,0.3632364036323641,False,False,False,-0.0425613591918186,0.009329796544353
RepresentationOnly4096,guo_icu,condition_era_90_no_backfill_4096,raw_4096,brier,False,0.0368189882422699,0.0363658328099494,0.0004531554323204,-0.0004531554323204,0.0004494920837745,0.0002608229178812,-5.079113439246558e-05,0.0009751153247841,model_b_better,0.0407,0.9593,0.0,0.9593,10000,10000,subject_id,episode_weighted_with_patient_cluster_resampling,2037,1154,85,0.08159184081591841,1.0,0.3197327326090921,False,False,False,-0.0009751153247841,5.079113439246558e-05
RepresentationOnly4096,guo_icu,condition_era_90_no_backfill_4096,raw_4096,logloss,False,0.1517550221137726,0.1492586228302491,0.0024963992835235,-0.0024963992835235,0.0024783734068975,0.00142651463217,-0.0002567079808548,0.0053092018142711,model_b_better,0.0384,0.9616,0.0,0.9616,10000,10000,subject_id,episode_weighted_with_patient_cluster_resampling,2037,1154,85,0.07699230076992301,1.0,0.3197327326090921,False,False,False,-0.0053092018142711,0.0002567079808548
RepresentationOnly4096,guo_icu,condition_era_90_no_backfill_4096,raw_4096,top_10pct_precision,True,0.1666666666666666,0.1764705882352941,-0.0098039215686274,-0.0098039215686274,-0.0057593912419034,0.0170421065260779,-0.0392205157925239,0.0284360189573459,model_b_better,0.3059,0.5846,0.1095,0.5846,10000,10000,subject_id,episode_weighted_with_patient_cluster_resampling,2037,1154,85,0.6119388061193881,1.0,0.7330805381000361,False,False,False,-0.0392205157925239,0.0284360189573459
Backfill4096,guo_icu,condition_era_90_backfill_4096,condition_era_90_no_backfill_4096,auroc,True,0.8013018322082931,0.7731617647058823,0.0281400675024108,0.0281400675024108,0.0282626991882667,0.0096083319029658,0.0102097623838077,0.0474669076733665,model_a_better,0.9992,0.0008,0.0,0.9992,10000,10000,subject_id,episode_weighted_with_patient_cluster_resampling,2037,1154,85,0.0017998200179982,0.10258974102589741,0.019998000199980003,True,False,True,0.0102097623838077,0.0474669076733665
Backfill4096,guo_icu,condition_era_90_backfill_4096,condition_era_90_no_backfill_4096,auprc,True,0.2241242849403359,0.2006775355482088,0.0234467493921271,0.0234467493921271,0.0239169432506911,0.0168089923146568,-0.0090639752415307,0.0571402394008659,model_a_better,0.929,0.071,0.0,0.929,10000,10000,subject_id,episode_weighted_with_patient_cluster_resampling,2037,1154,85,0.1421857814218578,1.0,0.3483522615480387,False,False,False,-0.0090639752415307,0.0571402394008659
Backfill4096,guo_icu,condition_era_90_backfill_4096,condition_era_90_no_backfill_4096,brier,False,0.0361847770265656,0.0368189882422699,-0.0006342112157042,0.0006342112157042,-0.0006313169441563,0.000380378200653,-0.0013746568588516,0.0001055552261579,model_a_better,0.9559,0.0441,0.0,0.9559,10000,10000,subject_id,episode_weighted_with_patient_cluster_resampling,2037,1154,85,0.08839116088391161,1.0,0.3197327326090921,False,False,False,-0.0001055552261579,0.0013746568588516
Backfill4096,guo_icu,condition_era_90_backfill_4096,condition_era_90_no_backfill_4096,logloss,False,0.1474535706735491,0.1517550221137726,-0.0043014514402235,0.0043014514402235,-0.0042949078846353,0.0014464341577844,-0.0071726157181361,-0.0015275703539965,model_a_better,0.9986,0.0014,0.0,0.9986,10000,10000,subject_id,episode_weighted_with_patient_cluster_resampling,2037,1154,85,0.0029997000299970002,0.16198380161983802,0.025711714542831433,True,False,True,0.0015275703539965,0.0071726157181361
Backfill4096,guo_icu,condition_era_90_backfill_4096,condition_era_90_no_backfill_4096,top_10pct_precision,True,0.1813725490196078,0.1666666666666666,0.0147058823529411,0.0147058823529411,0.0167391242844049,0.0144410431663633,-0.01,0.0463917525773195,model_a_better,0.8411,0.0881,0.0708,0.8411,10000,10000,subject_id,episode_weighted_with_patient_cluster_resampling,2037,1154,85,0.17638236176382363,1.0,0.3483522615480387,False,False,False,-0.01,0.0463917525773195
StateFeatures4096,guo_icu,condition_era_90_backfill_4096,condition_era_90_structure_null_4096,auroc,True,0.8013018322082931,0.7704194792671166,0.0308823529411764,0.0308823529411764,0.0307633239145178,0.0109761831969707,0.0091627593112679,0.0524472617354197,model_a_better,0.9965,0.0035,0.0,0.9965,10000,10000,subject_id,episode_weighted_with_patient_cluster_resampling,2037,1154,85,0.0071992800719928,0.3815618438156184,0.053994600539946,True,False,False,0.0091627593112679,0.0524472617354197
StateFeatures4096,guo_icu,condition_era_90_backfill_4096,condition_era_90_structure_null_4096,auprc,True,0.2241242849403359,0.1825341303604133,0.0415901545799226,0.0415901545799226,0.0444305576715397,0.0216580708896375,0.0049381488256327,0.0907993047975388,model_a_better,0.9843,0.0157,0.0,0.9843,10000,10000,subject_id,episode_weighted_with_patient_cluster_resampling,2037,1154,85,0.031596840315968405,1.0,0.17234640172346402,True,False,False,0.0049381488256327,0.0907993047975388
StateFeatures4096,guo_icu,condition_era_90_backfill_4096,condition_era_90_structure_null_4096,brier,False,0.0361847770265656,0.0373094543682689,-0.0011246773417032,0.0011246773417032,-0.001127286068024,0.0005308979646825,-0.0021864791893962,-0.0001002748129298,model_a_better,0.9846,0.0154,0.0,0.9846,10000,10000,subject_id,episode_weighted_with_patient_cluster_resampling,2037,1154,85,0.030996900309969003,1.0,0.17234640172346402,True,False,False,0.0001002748129298,0.0021864791893962
StateFeatures4096,guo_icu,condition_era_90_backfill_4096,condition_era_90_structure_null_4096,logloss,False,0.1474535706735491,0.1552793529156731,-0.007825782242124,0.007825782242124,-0.0078327205392811,0.0021053386344182,-0.0122050318512318,-0.0039293420990621,model_a_better,1.0,0.0,0.0,1.0,10000,10000,subject_id,episode_weighted_with_patient_cluster_resampling,2037,1154,85,0.00019998000199980003,0.011998800119988003,0.005999400059994001,True,True,True,0.0039293420990621,0.0122050318512318
StateFeatures4096,guo_icu,condition_era_90_backfill_4096,condition_era_90_structure_null_4096,top_10pct_precision,True,0.1813725490196078,0.1568627450980392,0.0245098039215686,0.0245098039215686,0.0277134709772163,0.0132811026650638,0.0046296296296296,0.0549999999999999,model_a_better,0.9769,0.0083,0.0148,0.9769,10000,10000,subject_id,episode_weighted_with_patient_cluster_resampling,2037,1154,85,0.016798320167983202,0.8735126487351266,0.11198880111988802,True,False,False,0.0046296296296296,0.0549999999999999
Full16384,guo_icu,condition_era_90_backfill_16384,raw_16384,auroc,True,0.7774349083895853,0.7805086788813885,-0.0030737704918032,-0.0030737704918032,-0.0030905126914011,0.018210876209424,-0.0390205935604416,0.0327528547782275,model_b_better,0.4356,0.5642,0.0002,0.5642,10000,10000,subject_id,episode_weighted_with_patient_cluster_resampling,2037,1154,85,0.8713128687131287,1.0,0.8713128687131287,False,False,False,-0.0390205935604416,0.0327528547782275
Full16384,guo_icu,condition_era_90_backfill_16384,raw_16384,auprc,True,0.2352406344687482,0.2017031547656013,0.0335374797031469,0.0335374797031469,0.0333246448627674,0.0258995392612209,-0.0149680760800756,0.0871550118665686,model_a_better,0.9101,0.0899,0.0,0.9101,10000,10000,subject_id,episode_weighted_with_patient_cluster_resampling,2037,1154,85,0.17998200179982002,1.0,0.3483522615480387,False,False,False,-0.0149680760800756,0.0871550118665686
Full16384,guo_icu,condition_era_90_backfill_16384,raw_16384,brier,False,0.036149015139077,0.036903320917098,-0.0007543057780209,0.0007543057780209,-0.000765890760087,0.0004832768087174,-0.0017473447472133,0.0001583468374434,model_a_better,0.9465,0.0535,0.0,0.9465,10000,10000,subject_id,episode_weighted_with_patient_cluster_resampling,2037,1154,85,0.10718928107189281,1.0,0.3483522615480387,False,False,False,-0.0001583468374434,0.0017473447472133
Full16384,guo_icu,condition_era_90_backfill_16384,raw_16384,logloss,False,0.1505327838970801,0.1530491483131388,-0.0025163644160587,0.0025163644160587,-0.0025633908500023,0.0021334780194954,-0.0069015605760889,0.0014793726293944,model_a_better,0.8852,0.1148,0.0,0.8852,10000,10000,subject_id,episode_weighted_with_patient_cluster_resampling,2037,1154,85,0.22977702229777022,1.0,0.38296170382961703,False,False,False,-0.0014793726293944,0.0069015605760889
Full16384,guo_icu,condition_era_90_backfill_16384,raw_16384,top_10pct_precision,True,0.1764705882352941,0.1813725490196078,-0.0049019607843137,-0.0049019607843137,-0.0031456878785887,0.0162451345093999,-0.0351758793969849,0.0288461538461538,model_b_better,0.3692,0.5142,0.1166,0.5142,10000,10000,subject_id,episode_weighted_with_patient_cluster_resampling,2037,1154,85,0.7385261473852615,1.0,0.7850939044026632,False,False,False,-0.0351758793969849,0.0288461538461538
ICUGap30vs90,guo_icu,condition_era_30_backfill_4096,condition_era_90_backfill_4096,auroc,True,0.755026518804243,0.8013018322082931,-0.0462753134040501,-0.0462753134040501,-0.0462656821827662,0.0141921521315375,-0.0741778154347718,-0.0176523405780932,model_b_better,0.0009,0.9991,0.0,0.9991,10000,10000,subject_id,episode_weighted_with_patient_cluster_resampling,2037,1154,85,0.001999800019998,0.10998900109989,0.019998000199980003,True,False,True,-0.0741778154347718,-0.0176523405780932
ICUGap30vs90,guo_icu,condition_era_30_backfill_4096,condition_era_90_backfill_4096,auprc,True,0.1600868122996523,0.2241242849403359,-0.0640374726406836,-0.0640374726406836,-0.0646372164813815,0.0201526173637629,-0.1064201430635459,-0.0286502082000599,model_b_better,0.0001,0.9999,0.0,0.9999,10000,10000,subject_id,episode_weighted_with_patient_cluster_resampling,2037,1154,85,0.00039996000399960006,0.023197680231976804,0.007999200079992002,True,True,True,-0.1064201430635459,-0.0286502082000599
ICUGap30vs90,guo_icu,condition_era_30_backfill_4096,condition_era_90_backfill_4096,brier,False,0.0376485722042778,0.0361847770265656,0.0014637951777121,-0.0014637951777121,0.0014596863780283,0.0004797704034491,0.0005555425959985,0.0024044359675663,model_b_better,0.0008,0.9992,0.0,0.9992,10000,10000,subject_id,episode_weighted_with_patient_cluster_resampling,2037,1154,85,0.0017998200179982,0.10258974102589741,0.019998000199980003,True,False,True,-0.0024044359675663,-0.0005555425959985
ICUGap30vs90,guo_icu,condition_era_30_backfill_4096,condition_era_90_backfill_4096,logloss,False,0.155652285106613,0.1474535706735491,0.0081987144330639,-0.0081987144330639,0.0081959151038881,0.0019068407692221,0.0045561377294701,0.0120043559727064,model_b_better,0.0,1.0,0.0,1.0,10000,10000,subject_id,episode_weighted_with_patient_cluster_resampling,2037,1154,85,0.00019998000199980003,0.011998800119988003,0.005999400059994001,True,True,True,-0.0120043559727064,-0.0045561377294701
ICUGap30vs90,guo_icu,condition_era_30_backfill_4096,condition_era_90_backfill_4096,top_10pct_precision,True,0.1568627450980392,0.1813725490196078,-0.0245098039215686,-0.0245098039215686,-0.0277567929854499,0.0160664289641108,-0.0610328638497652,0.0046296296296296,model_b_better,0.0259,0.9495,0.0246,0.9495,10000,10000,subject_id,episode_weighted_with_patient_cluster_resampling,2037,1154,85,0.051994800519948,1.0,0.23997600239976002,False,False,False,-0.0610328638497652,0.0046296296296296
ICUGap180vs90,guo_icu,condition_era_180_backfill_4096,condition_era_90_backfill_4096,auroc,True,0.7756991321118613,0.8013018322082931,-0.0256027000964318,-0.0256027000964318,-0.0255176916107593,0.0123058723660166,-0.0495658144730837,-0.0013586378830806,model_b_better,0.0195,0.9805,0.0,0.9805,10000,10000,subject_id,episode_weighted_with_patient_cluster_resampling,2037,1154,85,0.039196080391960805,1.0,0.19598040195980404,True,False,False,-0.0495658144730837,-0.0013586378830806
ICUGap180vs90,guo_icu,condition_era_180_backfill_4096,condition_era_90_backfill_4096,auprc,True,0.2362270283056192,0.2241242849403359,0.0121027433652832,0.0121027433652832,0.0070951695498304,0.0231168541185679,-0.0387151198292577,0.0517834891306724,model_a_better,0.6236,0.3764,0.0,0.6236,10000,10000,subject_id,episode_weighted_with_patient_cluster_resampling,2037,1154,85,0.7529247075292471,1.0,0.7850939044026632,False,False,False,-0.0387151198292577,0.0517834891306724
ICUGap180vs90,guo_icu,condition_era_180_backfill_4096,condition_era_90_backfill_4096,brier,False,0.0363389712347075,0.0361847770265656,0.0001541942081418,-0.0001541942081418,0.0001519972311797,0.0004551648906286,-0.0007284164514594,0.0010692965372048,model_b_better,0.3734,0.6266,0.0,0.6266,10000,10000,subject_id,episode_weighted_with_patient_cluster_resampling,2037,1154,85,0.7469253074692531,1.0,0.7850939044026632,False,False,False,-0.0010692965372048,0.0007284164514594
ICUGap180vs90,guo_icu,condition_era_180_backfill_4096,condition_era_90_backfill_4096,logloss,False,0.1499465581031469,0.1474535706735491,0.0024929874295977,-0.0024929874295977,0.0024847350627985,0.0017906064423366,-0.0009980079465368,0.006054057187406,model_b_better,0.0822,0.9178,0.0,0.9178,10000,10000,subject_id,episode_weighted_with_patient_cluster_resampling,2037,1154,85,0.1645835416458354,1.0,0.3483522615480387,False,False,False,-0.006054057187406,0.0009980079465368
ICUGap180vs90,guo_icu,condition_era_180_backfill_4096,condition_era_90_backfill_4096,top_10pct_precision,True,0.196078431372549,0.1813725490196078,0.0147058823529411,0.0147058823529411,0.0151225249174799,0.0142704170128953,-0.0104712041884816,0.0439024390243902,model_a_better,0.8159,0.1053,0.0788,0.8159,10000,10000,subject_id,episode_weighted_with_patient_cluster_resampling,2037,1154,85,0.21077892210778923,1.0,0.3719628037196281,False,False,False,-0.0104712041884816,0.0439024390243902
