task,compression_version,auroc,auprc,brier,logloss,top_10pct_precision,top_10pct_lift,top_10pct_event_capture,n,n_positive,event_rate,n_patients
guo_icu,condition_era_180_backfill_4096,0.7756991321118613,0.23622702830561926,0.03633897123470754,0.1499465581031469,0.19607843137254902,4.6989619377162635,0.47058823529411764,2037,85,0.041728031418753066,1154
guo_icu,condition_era_30_backfill_4096,0.755026518804243,0.16008681229965238,0.03764857220427781,0.155652285106613,0.1568627450980392,3.7591695501730107,0.3764705882352941,2037,85,0.041728031418753066,1154
guo_icu,condition_era_90_backfill_16384,0.7774349083895853,0.2352406344687482,0.03614901513907705,0.15053278389708014,0.17647058823529413,4.229065743944637,0.4235294117647059,2037,85,0.041728031418753066,1154
guo_icu,condition_era_90_backfill_4096,0.8013018322082931,0.22412428494033598,0.03618477702656567,0.14745357067354914,0.18137254901960784,4.346539792387543,0.43529411764705883,2037,85,0.041728031418753066,1154
guo_icu,condition_era_90_no_backfill_4096,0.7731617647058823,0.2006775355482088,0.03681898824226991,0.15175502211377265,0.16666666666666666,3.9941176470588236,0.4,2037,85,0.041728031418753066,1154
guo_icu,condition_era_90_structure_null_4096,0.7704194792671166,0.1825341303604133,0.03730945436826895,0.15527935291567313,0.1568627450980392,3.7591695501730107,0.3764705882352941,2037,85,0.041728031418753066,1154
guo_icu,raw_16384,0.7805086788813885,0.2017031547656013,0.03690332091709805,0.15304914831313887,0.18137254901960784,4.346539792387543,0.43529411764705883,2037,85,0.041728031418753066,1154
guo_icu,raw_4096,0.7948288331726133,0.21939999562943738,0.03636583280994945,0.1492586228302491,0.17647058823529413,4.229065743944637,0.4235294117647059,2037,85,0.041728031418753066,1154
guo_readmission,condition_era_90_backfill_16384,0.794185907405192,0.4161370222203375,0.0876669613776032,0.3034173858434765,0.4657534246575342,3.921285563751317,0.3923076923076923,2189,260,0.1187756966651439,1190
guo_readmission,condition_era_90_backfill_4096,0.7984866610838618,0.4205720245274604,0.08601923984162729,0.2969254372192538,0.4657534246575342,3.921285563751317,0.3923076923076923,2189,260,0.1187756966651439,1190
guo_readmission,condition_era_90_no_backfill_4096,0.8007377277983809,0.40515124879783565,0.08710356322270803,0.29914688127249334,0.4703196347031963,3.959729539866526,0.39615384615384613,2189,260,0.1187756966651439,1190
guo_readmission,condition_era_90_structure_null_4096,0.7928101447541573,0.4126010983108889,0.08688231202613834,0.2999612837887388,0.45662100456621,3.844397611520899,0.38461538461538464,2189,260,0.1187756966651439,1190
guo_readmission,raw_16384,0.8034214618973562,0.42016440144363826,0.08804127916397474,0.3056220625981457,0.4383561643835616,3.690621707060063,0.36923076923076925,2189,260,0.1187756966651439,1190
guo_readmission,raw_4096,0.7941520118036449,0.4097272282622244,0.0869021117464006,0.2995568821034199,0.4520547945205479,3.80595363540569,0.38076923076923075,2189,260,0.1187756966651439,1190
