task,compression_version,seed_a,seed_b,top_k,intersection,retention,jaccard
guo_icu,condition_era_180_backfill_4096,42,43,204,87,0.4264705882352941,0.27102803738317754
guo_icu,condition_era_180_backfill_4096,42,44,204,93,0.45588235294117646,0.29523809523809524
guo_icu,condition_era_180_backfill_4096,42,45,204,87,0.4264705882352941,0.27102803738317754
guo_icu,condition_era_180_backfill_4096,42,46,204,123,0.6029411764705882,0.43157894736842106
guo_icu,condition_era_180_backfill_4096,43,44,204,72,0.35294117647058826,0.21428571428571427
guo_icu,condition_era_180_backfill_4096,43,45,204,153,0.75,0.6
guo_icu,condition_era_180_backfill_4096,43,46,204,88,0.43137254901960786,0.275
guo_icu,condition_era_180_backfill_4096,44,45,204,70,0.3431372549019608,0.20710059171597633
guo_icu,condition_era_180_backfill_4096,44,46,204,99,0.4852941176470588,0.32038834951456313
guo_icu,condition_era_180_backfill_4096,45,46,204,92,0.45098039215686275,0.2911392405063291
guo_icu,condition_era_30_backfill_4096,42,43,204,124,0.6078431372549019,0.43661971830985913
guo_icu,condition_era_30_backfill_4096,42,44,204,80,0.39215686274509803,0.24390243902439024
guo_icu,condition_era_30_backfill_4096,42,45,204,143,0.7009803921568627,0.539622641509434
guo_icu,condition_era_30_backfill_4096,42,46,204,91,0.44607843137254904,0.2870662460567823
guo_icu,condition_era_30_backfill_4096,43,44,204,74,0.3627450980392157,0.2215568862275449
guo_icu,condition_era_30_backfill_4096,43,45,204,114,0.5588235294117647,0.3877551020408163
guo_icu,condition_era_30_backfill_4096,43,46,204,89,0.4362745098039216,0.27899686520376177
guo_icu,condition_era_30_backfill_4096,44,45,204,73,0.35784313725490197,0.21791044776119403
guo_icu,condition_era_30_backfill_4096,44,46,204,91,0.44607843137254904,0.2870662460567823
guo_icu,condition_era_30_backfill_4096,45,46,204,77,0.37745098039215685,0.2326283987915408
guo_icu,condition_era_90_backfill_16384,42,43,204,51,0.25,0.14285714285714285
guo_icu,condition_era_90_backfill_16384,42,44,204,72,0.35294117647058826,0.21428571428571427
guo_icu,condition_era_90_backfill_16384,42,45,204,80,0.39215686274509803,0.24390243902439024
guo_icu,condition_era_90_backfill_16384,42,46,204,79,0.3872549019607843,0.24012158054711247
guo_icu,condition_era_90_backfill_16384,43,44,204,86,0.4215686274509804,0.2670807453416149
guo_icu,condition_era_90_backfill_16384,43,45,204,84,0.4117647058823529,0.25925925925925924
guo_icu,condition_era_90_backfill_16384,43,46,204,47,0.23039215686274508,0.13019390581717452
guo_icu,condition_era_90_backfill_16384,44,45,204,110,0.5392156862745098,0.3691275167785235
guo_icu,condition_era_90_backfill_16384,44,46,204,74,0.3627450980392157,0.2215568862275449
guo_icu,condition_era_90_backfill_16384,45,46,204,82,0.4019607843137255,0.25153374233128833
guo_icu,condition_era_90_backfill_4096,42,43,204,112,0.5490196078431373,0.3783783783783784
guo_icu,condition_era_90_backfill_4096,42,44,204,108,0.5294117647058824,0.36
guo_icu,condition_era_90_backfill_4096,42,45,204,88,0.43137254901960786,0.275
guo_icu,condition_era_90_backfill_4096,42,46,204,107,0.5245098039215687,0.3554817275747508
guo_icu,condition_era_90_backfill_4096,43,44,204,116,0.5686274509803921,0.3972602739726027
guo_icu,condition_era_90_backfill_4096,43,45,204,119,0.5833333333333334,0.4117647058823529
guo_icu,condition_era_90_backfill_4096,43,46,204,121,0.5931372549019608,0.42160278745644597
guo_icu,condition_era_90_backfill_4096,44,45,204,107,0.5245098039215687,0.3554817275747508
guo_icu,condition_era_90_backfill_4096,44,46,204,111,0.5441176470588235,0.37373737373737376
guo_icu,condition_era_90_backfill_4096,45,46,204,110,0.5392156862745098,0.3691275167785235
guo_icu,condition_era_90_no_backfill_4096,42,43,204,125,0.6127450980392157,0.4416961130742049
guo_icu,condition_era_90_no_backfill_4096,42,44,204,89,0.4362745098039216,0.27899686520376177
guo_icu,condition_era_90_no_backfill_4096,42,45,204,117,0.5735294117647058,0.4020618556701031
guo_icu,condition_era_90_no_backfill_4096,42,46,204,119,0.5833333333333334,0.4117647058823529
guo_icu,condition_era_90_no_backfill_4096,43,44,204,78,0.38235294117647056,0.23636363636363636
guo_icu,condition_era_90_no_backfill_4096,43,45,204,97,0.47549019607843135,0.31189710610932475
guo_icu,condition_era_90_no_backfill_4096,43,46,204,115,0.5637254901960784,0.3924914675767918
guo_icu,condition_era_90_no_backfill_4096,44,45,204,94,0.46078431372549017,0.29936305732484075
guo_icu,condition_era_90_no_backfill_4096,44,46,204,93,0.45588235294117646,0.29523809523809524
guo_icu,condition_era_90_no_backfill_4096,45,46,204,116,0.5686274509803921,0.3972602739726027
guo_icu,condition_era_90_structure_null_4096,42,43,204,149,0.7303921568627451,0.5752895752895753
guo_icu,condition_era_90_structure_null_4096,42,44,204,99,0.4852941176470588,0.32038834951456313
guo_icu,condition_era_90_structure_null_4096,42,45,204,96,0.47058823529411764,0.3076923076923077
guo_icu,condition_era_90_structure_null_4096,42,46,204,148,0.7254901960784313,0.5692307692307692
guo_icu,condition_era_90_structure_null_4096,43,44,204,94,0.46078431372549017,0.29936305732484075
guo_icu,condition_era_90_structure_null_4096,43,45,204,89,0.4362745098039216,0.27899686520376177
guo_icu,condition_era_90_structure_null_4096,43,46,204,149,0.7303921568627451,0.5752895752895753
guo_icu,condition_era_90_structure_null_4096,44,45,204,100,0.49019607843137253,0.3246753246753247
guo_icu,condition_era_90_structure_null_4096,44,46,204,99,0.4852941176470588,0.32038834951456313
guo_icu,condition_era_90_structure_null_4096,45,46,204,97,0.47549019607843135,0.31189710610932475
guo_icu,raw_16384,42,43,204,101,0.4950980392156863,0.3289902280130293
guo_icu,raw_16384,42,44,204,83,0.4068627450980392,0.2553846153846154
guo_icu,raw_16384,42,45,204,68,0.3333333333333333,0.2
guo_icu,raw_16384,42,46,204,62,0.30392156862745096,0.1791907514450867
guo_icu,raw_16384,43,44,204,92,0.45098039215686275,0.2911392405063291
guo_icu,raw_16384,43,45,204,70,0.3431372549019608,0.20710059171597633
guo_icu,raw_16384,43,46,204,60,0.29411764705882354,0.1724137931034483
guo_icu,raw_16384,44,45,204,83,0.4068627450980392,0.2553846153846154
guo_icu,raw_16384,44,46,204,74,0.3627450980392157,0.2215568862275449
guo_icu,raw_16384,45,46,204,121,0.5931372549019608,0.42160278745644597
guo_icu,raw_4096,42,43,204,64,0.3137254901960784,0.18604651162790697
guo_icu,raw_4096,42,44,204,90,0.4411764705882353,0.2830188679245283
guo_icu,raw_4096,42,45,204,105,0.5147058823529411,0.3465346534653465
guo_icu,raw_4096,42,46,204,95,0.46568627450980393,0.3035143769968051
guo_icu,raw_4096,43,44,204,94,0.46078431372549017,0.29936305732484075
guo_icu,raw_4096,43,45,204,70,0.3431372549019608,0.20710059171597633
guo_icu,raw_4096,43,46,204,82,0.4019607843137255,0.25153374233128833
guo_icu,raw_4096,44,45,204,92,0.45098039215686275,0.2911392405063291
guo_icu,raw_4096,44,46,204,105,0.5147058823529411,0.3465346534653465
guo_icu,raw_4096,45,46,204,111,0.5441176470588235,0.37373737373737376
guo_readmission,condition_era_90_backfill_16384,42,43,219,152,0.6940639269406392,0.5314685314685315
guo_readmission,condition_era_90_backfill_16384,42,44,219,121,0.5525114155251142,0.38170347003154576
guo_readmission,condition_era_90_backfill_16384,42,45,219,151,0.6894977168949772,0.5261324041811847
guo_readmission,condition_era_90_backfill_16384,42,46,219,150,0.684931506849315,0.5208333333333334
guo_readmission,condition_era_90_backfill_16384,43,44,219,125,0.5707762557077626,0.3993610223642173
guo_readmission,condition_era_90_backfill_16384,43,45,219,142,0.6484018264840182,0.4797297297297297
guo_readmission,condition_era_90_backfill_16384,43,46,219,150,0.684931506849315,0.5208333333333334
guo_readmission,condition_era_90_backfill_16384,44,45,219,117,0.5342465753424658,0.3644859813084112
guo_readmission,condition_era_90_backfill_16384,44,46,219,121,0.5525114155251142,0.38170347003154576
guo_readmission,condition_era_90_backfill_16384,45,46,219,141,0.6438356164383562,0.47474747474747475
guo_readmission,condition_era_90_backfill_4096,42,43,219,136,0.6210045662100456,0.4503311258278146
guo_readmission,condition_era_90_backfill_4096,42,44,219,164,0.7488584474885844,0.5985401459854015
guo_readmission,condition_era_90_backfill_4096,42,45,219,150,0.684931506849315,0.5208333333333334
guo_readmission,condition_era_90_backfill_4096,42,46,219,151,0.6894977168949772,0.5261324041811847
guo_readmission,condition_era_90_backfill_4096,43,44,219,150,0.684931506849315,0.5208333333333334
guo_readmission,condition_era_90_backfill_4096,43,45,219,163,0.7442922374429224,0.5927272727272728
guo_readmission,condition_era_90_backfill_4096,43,46,219,148,0.6757990867579908,0.5103448275862069
guo_readmission,condition_era_90_backfill_4096,44,45,219,161,0.7351598173515982,0.5812274368231047
guo_readmission,condition_era_90_backfill_4096,44,46,219,159,0.726027397260274,0.5698924731182796
guo_readmission,condition_era_90_backfill_4096,45,46,219,162,0.7397260273972602,0.5869565217391305
guo_readmission,condition_era_90_no_backfill_4096,42,43,219,114,0.5205479452054794,0.35185185185185186
guo_readmission,condition_era_90_no_backfill_4096,42,44,219,136,0.6210045662100456,0.4503311258278146
guo_readmission,condition_era_90_no_backfill_4096,42,45,219,125,0.5707762557077626,0.3993610223642173
guo_readmission,condition_era_90_no_backfill_4096,42,46,219,152,0.6940639269406392,0.5314685314685315
guo_readmission,condition_era_90_no_backfill_4096,43,44,219,127,0.5799086757990868,0.40836012861736337
guo_readmission,condition_era_90_no_backfill_4096,43,45,219,105,0.4794520547945205,0.3153153153153153
guo_readmission,condition_era_90_no_backfill_4096,43,46,219,105,0.4794520547945205,0.3153153153153153
guo_readmission,condition_era_90_no_backfill_4096,44,45,219,116,0.5296803652968036,0.36024844720496896
guo_readmission,condition_era_90_no_backfill_4096,44,46,219,141,0.6438356164383562,0.47474747474747475
guo_readmission,condition_era_90_no_backfill_4096,45,46,219,119,0.54337899543379,0.3730407523510972
guo_readmission,condition_era_90_structure_null_4096,42,43,219,143,0.6529680365296804,0.4847457627118644
guo_readmission,condition_era_90_structure_null_4096,42,44,219,146,0.6666666666666666,0.5
guo_readmission,condition_era_90_structure_null_4096,42,45,219,139,0.634703196347032,0.46488294314381273
guo_readmission,condition_era_90_structure_null_4096,42,46,219,133,0.6073059360730594,0.4360655737704918
guo_readmission,condition_era_90_structure_null_4096,43,44,219,145,0.6621004566210046,0.4948805460750853
guo_readmission,condition_era_90_structure_null_4096,43,45,219,141,0.6438356164383562,0.47474747474747475
guo_readmission,condition_era_90_structure_null_4096,43,46,219,135,0.6164383561643836,0.44554455445544555
guo_readmission,condition_era_90_structure_null_4096,44,45,219,157,0.7168949771689498,0.5587188612099644
guo_readmission,condition_era_90_structure_null_4096,44,46,219,133,0.6073059360730594,0.4360655737704918
guo_readmission,condition_era_90_structure_null_4096,45,46,219,130,0.593607305936073,0.42207792207792205
guo_readmission,raw_16384,42,43,219,134,0.6118721461187214,0.4407894736842105
guo_readmission,raw_16384,42,44,219,124,0.5662100456621004,0.39490445859872614
guo_readmission,raw_16384,42,45,219,150,0.684931506849315,0.5208333333333334
guo_readmission,raw_16384,42,46,219,138,0.6301369863013698,0.46
guo_readmission,raw_16384,43,44,219,132,0.6027397260273972,0.43137254901960786
guo_readmission,raw_16384,43,45,219,145,0.6621004566210046,0.4948805460750853
guo_readmission,raw_16384,43,46,219,146,0.6666666666666666,0.5
guo_readmission,raw_16384,44,45,219,134,0.6118721461187214,0.4407894736842105
guo_readmission,raw_16384,44,46,219,129,0.589041095890411,0.4174757281553398
guo_readmission,raw_16384,45,46,219,152,0.6940639269406392,0.5314685314685315
guo_readmission,raw_4096,42,43,219,150,0.684931506849315,0.5208333333333334
guo_readmission,raw_4096,42,44,219,151,0.6894977168949772,0.5261324041811847
guo_readmission,raw_4096,42,45,219,127,0.5799086757990868,0.40836012861736337
guo_readmission,raw_4096,42,46,219,156,0.7123287671232876,0.5531914893617021
guo_readmission,raw_4096,43,44,219,145,0.6621004566210046,0.4948805460750853
guo_readmission,raw_4096,43,45,219,123,0.5616438356164384,0.3904761904761905
guo_readmission,raw_4096,43,46,219,153,0.6986301369863014,0.5368421052631579
guo_readmission,raw_4096,44,45,219,134,0.6118721461187214,0.4407894736842105
guo_readmission,raw_4096,44,46,219,146,0.6666666666666666,0.5
guo_readmission,raw_4096,45,46,219,121,0.5525114155251142,0.38170347003154576
