task,compression_version,n_seed_pairs,mean_jaccard,min_jaccard,max_jaccard,mean_retention,min_retention
guo_icu,condition_era_180_backfill_4096,10,0.3176787013395454,0.20710059171597633,0.6,0.4725490196078431,0.3431372549019608
guo_icu,condition_era_30_backfill_4096,10,0.3133124990982106,0.21791044776119403,0.539622641509434,0.46862745098039216,0.35784313725490197
guo_icu,condition_era_90_backfill_16384,10,0.23399189324697653,0.13019390581717452,0.3691275167785235,0.375,0.23039215686274508
guo_icu,condition_era_90_backfill_4096,10,0.3697834491355179,0.275,0.42160278745644597,0.5387254901960785,0.43137254901960786
guo_icu,condition_era_90_no_backfill_4096,10,0.34671331764157143,0.23636363636363636,0.4416961130742049,0.5112745098039215,0.38235294117647056
guo_icu,condition_era_90_structure_null_4096,10,0.38832112798446056,0.27899686520376177,0.5752895752895753,0.5490196078431373,0.4362745098039216
guo_icu,raw_16384,10,0.25327635092370915,0.1724137931034483,0.42160278745644597,0.3990196078431373,0.29411764705882354
guo_icu,raw_4096,10,0.2888523069095742,0.18604651162790697,0.37373737373737376,0.4450980392156863,0.3137254901960784
guo_readmission,condition_era_90_backfill_16384,10,0.4580998750529307,0.3644859813084112,0.5314685314685315,0.6255707762557078,0.5342465753424658
guo_readmission,condition_era_90_backfill_4096,10,0.5457818874655062,0.4503311258278146,0.5985401459854015,0.7050228310502283,0.6210045662100456
guo_readmission,condition_era_90_no_backfill_4096,10,0.398003996506395,0.3153153153153153,0.5314685314685315,0.5662100456621004,0.4794520547945205
guo_readmission,condition_era_90_structure_null_4096,10,0.47177292119625525,0.42207792207792205,0.5587188612099644,0.6401826484018265,0.593607305936073
guo_readmission,raw_16384,10,0.46325140940190457,0.39490445859872614,0.5314685314685315,0.6319634703196347,0.5662100456621004
guo_readmission,raw_4096,10,0.4753209141023773,0.38170347003154576,0.5531914893617021,0.6420091324200914,0.5525114155251142
